瘤痢,瘤痢疙,老矫,乞闭扁柯(∑C),弥历扁柯(∑C),弥绊扁柯(∑C),老碍荐樊(mm)
143,措备,2023-01-01,1.7,-3.9,7.1,
143,措备,2023-01-02,.4,-1.9,4.2,
143,措备,2023-01-03,-.3,-3.5,4.6,
143,措备,2023-01-04,1.1,-3.5,6.5,
143,措备,2023-01-05,.6,-5.2,7.3,
143,措备,2023-01-06,1.8,-3.4,9.2,0
143,措备,2023-01-07,3.2,-.9,7.9,0
143,措备,2023-01-08,2.4,-3.9,9.9,
143,措备,2023-01-09,3.2,-2.8,11.7,
143,措备,2023-01-10,2.8,-4.1,10.8,
143,措备,2023-01-11,4.2,-2.6,12.8,
143,措备,2023-01-12,6,-2.8,14.9,0
143,措备,2023-01-13,11,5.1,15.5,10.1
143,措备,2023-01-14,9,6.1,12.4,0
143,措备,2023-01-15,3.9,-.3,6.4,1.4
143,措备,2023-01-16,-.7,-3.3,3.2,
143,措备,2023-01-17,-.3,-4.5,3.4,
143,措备,2023-01-18,.6,-3.6,4.9,
143,措备,2023-01-19,.5,-5.1,6.5,
143,措备,2023-01-20,.4,-3.5,4.6,
143,措备,2023-01-21,-2.1,-7.5,3.9,
143,措备,2023-01-22,-.5,-5.3,4.6,
143,措备,2023-01-23,2.9,-4.1,9.5,
143,措备,2023-01-24,-8.3,-12,1.6,
143,措备,2023-01-25,-8.9,-14.2,-2.8,
143,措备,2023-01-26,-4.1,-11.7,2.2,0
143,措备,2023-01-27,-3,-6.5,.3,0
143,措备,2023-01-28,-3.6,-8.3,1.1,
143,措备,2023-01-29,.8,-6,6.4,0
143,措备,2023-01-30,1.3,-3.2,5.8,
143,措备,2023-01-31,1.7,-6.4,11.3,
143,措备,2023-02-01,3.8,-1.4,13.6,
143,措备,2023-02-02,1.3,-2,6.6,
143,措备,2023-02-03,2.4,-2.4,8.7,
143,措备,2023-02-04,1.6,-1.9,7.2,
143,措备,2023-02-05,1.6,-5.2,10.2,
143,措备,2023-02-06,4.2,-4.7,13.5,
143,措备,2023-02-07,5.3,-2,13.5,
143,措备,2023-02-08,4.9,-1.7,11.7,
143,措备,2023-02-09,3.9,-2.8,9.5,.4
143,措备,2023-02-10,4.6,.9,7.8,10.3
143,措备,2023-02-11,3.6,-1.8,10.6,
143,措备,2023-02-12,4.8,-.8,9.2,0
143,措备,2023-02-13,6.1,4.4,7.9,.5
143,措备,2023-02-14,4.6,2.1,9.9,
143,措备,2023-02-15,2.8,1.4,5.7,0
143,措备,2023-02-16,4.7,1.2,11.2,
143,措备,2023-02-17,4.4,-.6,7.8,
143,措备,2023-02-18,6.9,4.6,8.5,0
143,措备,2023-02-19,7.2,2.2,11.3,0
143,措备,2023-02-20,2.6,-1.3,7.4,
143,措备,2023-02-21,1.3,-3.3,6.8,
143,措备,2023-02-22,3.8,-4.6,11.1,
143,措备,2023-02-23,7.8,3.5,12.8,0
143,措备,2023-02-24,7.4,4.3,12.5,
143,措备,2023-02-25,3.8,-.2,9.2,
143,措备,2023-02-26,3.7,-4.2,12.3,
143,措备,2023-02-27,6.2,-3.5,16.9,
143,措备,2023-02-28,8.8,-.1,18.1,
143,措备,2023-03-01,8.4,5.3,14.6,
143,措备,2023-03-02,4.6,1.6,9.4,
143,措备,2023-03-03,7.5,1.2,15,
143,措备,2023-03-04,8,1.1,15.6,
143,措备,2023-03-05,8.9,1.1,17.2,
143,措备,2023-03-06,10.5,1.8,19.3,
143,措备,2023-03-07,13.2,3.1,23.3,
143,措备,2023-03-08,14,6.7,22.8,
143,措备,2023-03-09,16,8.3,23.6,0
143,措备,2023-03-10,14.9,6.7,23.8,
143,措备,2023-03-11,16.7,7.9,24.6,
143,措备,2023-03-12,9.9,2.4,19,6.7
143,措备,2023-03-13,5.2,.2,11.4,
143,措备,2023-03-14,9.7,2.7,18.6,
143,措备,2023-03-15,13.8,3.9,22.5,
143,措备,2023-03-16,10.5,5.9,15.4,
143,措备,2023-03-17,9.5,6.3,13.2,
143,措备,2023-03-18,11.8,7.5,17.9,
143,措备,2023-03-19,11.4,6,19.3,
143,措备,2023-03-20,12.3,2.7,20.6,
143,措备,2023-03-21,15.3,9.2,22.8,
143,措备,2023-03-22,15.9,8.8,22.3,1.3
143,措备,2023-03-23,15.2,14.5,16.4,19.3
143,措备,2023-03-24,12.6,9.9,15.3,
143,措备,2023-03-25,10.4,9,12.4,
143,措备,2023-03-26,11.7,7.6,18.4,0
143,措备,2023-03-27,9.7,4.1,16.7,
143,措备,2023-03-28,11.4,2.3,19.4,
143,措备,2023-03-29,13.3,4.6,21.8,
143,措备,2023-03-30,15.6,6.2,24.1,
143,措备,2023-03-31,16.4,8,25.6,
143,措备,2023-04-01,15,7,23,
143,措备,2023-04-02,13.6,7.6,19.6,
143,措备,2023-04-03,13.3,6.4,19.6,
143,措备,2023-04-04,15.1,9.3,22.8,2
143,措备,2023-04-05,15.6,13,17.2,6.4
143,措备,2023-04-06,14,10.1,18.6,2.6
143,措备,2023-04-07,12.4,8.3,19.4,3.2
143,措备,2023-04-08,10.7,4.6,16.8,
143,措备,2023-04-09,13.7,5.1,21.7,
143,措备,2023-04-10,14.5,5.2,23.7,
143,措备,2023-04-11,17.1,8.9,23.4,0
143,措备,2023-04-12,14.9,10.6,20.2,
143,措备,2023-04-13,15.8,5.2,25.6,
143,措备,2023-04-14,15.8,9.9,20.7,.1
143,措备,2023-04-15,13.2,8.3,17,.2
143,措备,2023-04-16,12.3,6.8,18.9,0
143,措备,2023-04-17,14.3,5.2,22.6,
143,措备,2023-04-18,16.6,13.3,20.7,1.6
143,措备,2023-04-19,19.3,14.1,24.4,
143,措备,2023-04-20,23.1,17.5,29.6,
143,措备,2023-04-21,16.5,12.5,21.7,
143,措备,2023-04-22,13.7,9.2,18.2,
143,措备,2023-04-23,13.5,8.7,18.5,
143,措备,2023-04-24,13,8.9,16.3,
143,措备,2023-04-25,9.4,7.5,11.4,6
143,措备,2023-04-26,12.8,6.5,19.5,
143,措备,2023-04-27,14.8,4.4,24.4,
143,措备,2023-04-28,17.7,8.1,26.3,
143,措备,2023-04-29,16.9,11.4,21.7,8.7
143,措备,2023-04-30,16.7,9.6,23.7,
143,措备,2023-05-01,16.5,11.5,22.5,
143,措备,2023-05-02,17.1,6.9,25.9,
143,措备,2023-05-03,18.5,12,25.5,
143,措备,2023-05-04,18.8,15.1,22.9,.5
143,措备,2023-05-05,19,16.8,20.8,44.5
143,措备,2023-05-06,13.7,11.5,19.5,33.9
143,措备,2023-05-07,11.4,9.3,13.6,3.1
143,措备,2023-05-08,13.7,5.7,21.1,
143,措备,2023-05-09,18.5,6.9,27.2,
143,措备,2023-05-10,19.2,11.4,27.5,
143,措备,2023-05-11,18.1,13.4,23.8,
143,措备,2023-05-12,18.8,10.5,26.4,
143,措备,2023-05-13,19.4,16.1,24.5,
143,措备,2023-05-14,20.4,13,27.8,0
143,措备,2023-05-15,21.8,13.5,29.6,
143,措备,2023-05-16,24.6,15.8,33.6,
143,措备,2023-05-17,24.4,16.3,32.7,
143,措备,2023-05-18,18.6,16.2,21.4,5.9
143,措备,2023-05-19,18.3,15.3,22.3,0
143,措备,2023-05-20,20.9,12.3,28.8,
143,措备,2023-05-21,22.7,17,30.2,
143,措备,2023-05-22,17,12.7,20.3,.5
143,措备,2023-05-23,18.4,10.7,27.3,
143,措备,2023-05-24,19.6,12.2,26,
143,措备,2023-05-25,21.3,15.2,28.1,
143,措备,2023-05-26,22,17.6,28.2,0
143,措备,2023-05-27,23.2,19.5,26.9,.2
143,措备,2023-05-28,21.7,19.6,23.3,10.6
143,措备,2023-05-29,20.1,18.6,21.8,100.8
143,措备,2023-05-30,19.5,17.6,21.9,
143,措备,2023-05-31,20.5,16.1,25.5,
143,措备,2023-06-01,18.6,13.8,21.1,.2
143,措备,2023-06-02,23.7,18.5,30.3,.3
143,措备,2023-06-03,23.1,16.4,29.4,
143,措备,2023-06-04,23.9,17.5,29.9,
143,措备,2023-06-05,23.8,17.7,28.7,
143,措备,2023-06-06,24.3,19.4,30.1,
143,措备,2023-06-07,24.1,18.4,29.4,
143,措备,2023-06-08,24.1,20.1,29.3,
143,措备,2023-06-09,24.6,18.6,31,
143,措备,2023-06-10,24.5,18.6,31.5,
143,措备,2023-06-11,24.6,20.3,30.6,
143,措备,2023-06-12,23.3,19.2,29.1,.7
143,措备,2023-06-13,23.8,18.1,30.4,
143,措备,2023-06-14,21.2,16.7,28.7,17.5
143,措备,2023-06-15,20.9,16.2,28.7,
143,措备,2023-06-16,25.3,17.2,32.5,
143,措备,2023-06-17,27.6,20.4,34.2,
143,措备,2023-06-18,26.9,23.2,33.1,
143,措备,2023-06-19,24.4,20.3,30.2,
143,措备,2023-06-20,23,20.1,28.3,
143,措备,2023-06-21,21.4,18.5,23.9,4.6
143,措备,2023-06-22,24.6,20.6,29.1,0
143,措备,2023-06-23,24.8,19.6,31,
143,措备,2023-06-24,24.5,19.4,30.8,
143,措备,2023-06-25,24.2,19.8,30.6,2.2
143,措备,2023-06-26,24.1,20.9,27.3,33.2
143,措备,2023-06-27,27.8,23.4,33.8,48
143,措备,2023-06-28,24.5,19.7,30.2,24.7
143,措备,2023-06-29,25.4,23.6,28.7,8.3
143,措备,2023-06-30,24,22.3,25.7,39
143,措备,2023-07-01,25.8,21.6,31.3,
143,措备,2023-07-02,28.1,23.9,33.5,
143,措备,2023-07-03,27.1,22.5,32.5,
143,措备,2023-07-04,24.9,23.3,29,6.8
143,措备,2023-07-05,27.5,23.4,32.6,16.1
143,措备,2023-07-06,27.5,20.7,34.4,
143,措备,2023-07-07,21.9,18,25.7,43.9
143,措备,2023-07-08,23.1,19.8,27.2,0
143,措备,2023-07-09,26.6,21.8,31.2,
143,措备,2023-07-10,28.3,24.1,33.8,0
143,措备,2023-07-11,24.8,22.9,30,46.5
143,措备,2023-07-12,27.3,23.1,32.4,.2
143,措备,2023-07-13,26.5,25.6,27.4,2
143,措备,2023-07-14,25.6,24.4,27.8,47.7
143,措备,2023-07-15,27,24,29.9,23.7
143,措备,2023-07-16,24.4,22.8,27.8,9.7
143,措备,2023-07-17,26.7,23.1,32.4,13.2
143,措备,2023-07-18,23.7,22.4,24.8,74.2
143,措备,2023-07-19,25.7,22.1,30.3,.1
143,措备,2023-07-20,27.6,22.9,33,
143,措备,2023-07-21,26.7,23.3,31.4,
143,措备,2023-07-22,25.4,21.5,28.1,0
143,措备,2023-07-23,27.5,25.2,30.2,.1
143,措备,2023-07-24,26.6,24.3,30.5,14.5
143,措备,2023-07-25,27.3,24.6,32.2,0
143,措备,2023-07-26,27.2,23.8,33.1,0
143,措备,2023-07-27,27.9,22.8,32.9,0
143,措备,2023-07-28,29.4,24.6,34.5,
143,措备,2023-07-29,30.1,24.8,35.3,
143,措备,2023-07-30,29.8,25,35.5,
143,措备,2023-07-31,29.6,24.7,34.4,
143,措备,2023-08-01,29.7,24.9,34.8,
143,措备,2023-08-02,30,23.9,34.7,
143,措备,2023-08-03,31.5,27,37.7,
143,措备,2023-08-04,30.5,26,34.7,
143,措备,2023-08-05,31.5,25.7,37.2,
143,措备,2023-08-06,30.4,26.4,35.6,
143,措备,2023-08-07,29.5,26.2,34.6,
143,措备,2023-08-08,28.4,25.5,33.2,
143,措备,2023-08-09,25.4,24.6,26.8,41
143,措备,2023-08-10,25.1,22.8,26.6,93.4
143,措备,2023-08-11,27.5,22.2,32.5,
143,措备,2023-08-12,27.1,23.6,31.4,
143,措备,2023-08-13,27.2,23.1,32.6,
143,措备,2023-08-14,26.8,23.6,31.5,
143,措备,2023-08-15,27.5,23,34,
143,措备,2023-08-16,27,23.9,33.3,3.1
143,措备,2023-08-17,25.9,24,28.8,0
143,措备,2023-08-18,25.7,23.6,28.8,1.6
143,措备,2023-08-19,27.3,24.5,31.7,.1
143,措备,2023-08-20,27.3,24.7,33.5,6.3
143,措备,2023-08-21,28.9,24.9,33.7,
143,措备,2023-08-22,28.8,24.5,34,
143,措备,2023-08-23,28.6,24.3,34,15.9
143,措备,2023-08-24,25,22.9,29.4,36.4
143,措备,2023-08-25,27.4,23.8,32.4,.7
143,措备,2023-08-26,26.6,21.5,32.8,
143,措备,2023-08-27,25.5,22.3,30.9,4.7
143,措备,2023-08-28,25.5,23,27.9,
143,措备,2023-08-29,25.7,23.2,28,3.3
143,措备,2023-08-30,24.7,22.3,25.9,54.9
143,措备,2023-08-31,23.3,21.2,25.7,51.4
143,措备,2023-09-01,25.8,23.1,30.2,
143,措备,2023-09-02,24.9,22.5,28.9,1.1
143,措备,2023-09-03,26.6,22.6,31.8,
143,措备,2023-09-04,26.4,22.8,30.6,0
143,措备,2023-09-05,26.1,22.4,30.6,
143,措备,2023-09-06,25.2,20.3,30.9,
143,措备,2023-09-07,23.6,18.1,28.9,
143,措备,2023-09-08,23.3,18.1,29,
143,措备,2023-09-09,23.4,17.3,29.5,
143,措备,2023-09-10,24,17.6,30.9,
143,措备,2023-09-11,25.6,20.3,31.4,
143,措备,2023-09-12,26.1,22.3,30.6,
143,措备,2023-09-13,24.7,22.4,28.4,4
143,措备,2023-09-14,22.6,21.4,24.5,6.7
143,措备,2023-09-15,22.8,21.3,24.9,11.2
143,措备,2023-09-16,23.1,22.2,24.5,25.1
143,措备,2023-09-17,24.6,21.9,27.9,13.2
143,措备,2023-09-18,26.1,22.7,32.8,0
143,措备,2023-09-19,25.2,21.8,29.5,0
143,措备,2023-09-20,22,20.8,24.9,36.6
143,措备,2023-09-21,19.5,18.2,21.2,3.4
143,措备,2023-09-22,21.1,17.8,26.5,
143,措备,2023-09-23,19.9,15.3,25.3,
143,措备,2023-09-24,20.4,15.5,25.3,
143,措备,2023-09-25,21.1,18.1,24.9,.9
143,措备,2023-09-26,20.8,20.1,21.7,17.9
143,措备,2023-09-27,23.8,21,29.2,
143,措备,2023-09-28,23.6,19.6,28.8,
143,措备,2023-09-29,21.8,16.7,26.8,
143,措备,2023-09-30,20,15.7,25.1,3.5
143,措备,2023-10-01,19.2,13.9,24.4,
143,措备,2023-10-02,17.6,11.8,24.3,
143,措备,2023-10-03,16.1,11.6,20.5,.5
143,措备,2023-10-04,19.1,13.7,24.8,
143,措备,2023-10-05,16.7,13.6,21.2,
143,措备,2023-10-06,16.5,10.8,23.2,
143,措备,2023-10-07,17.1,12.3,21.7,
143,措备,2023-10-08,17.3,15.2,20.5,0
143,措备,2023-10-09,18.3,15.6,22.8,1
143,措备,2023-10-10,17.6,13.6,23,
143,措备,2023-10-11,16.2,11.1,23,
143,措备,2023-10-12,16,8.8,23.8,
143,措备,2023-10-13,17.7,12.2,23.2,
143,措备,2023-10-14,17.1,13,24,.2
143,措备,2023-10-15,16.6,12.8,22.4,
143,措备,2023-10-16,16,10.9,21.8,
143,措备,2023-10-17,15,9.7,22.6,
143,措备,2023-10-18,15.1,6.8,24.8,
143,措备,2023-10-19,16.4,10.4,22.7,.8
143,措备,2023-10-20,13.8,10.6,17.9,3.2
143,措备,2023-10-21,12.1,5.5,18.6,
143,措备,2023-10-22,12.6,5.3,19.7,
143,措备,2023-10-23,14.2,8.1,21.8,
143,措备,2023-10-24,14.7,8,23,
143,措备,2023-10-25,15.9,10,24.2,
143,措备,2023-10-26,16.2,9.8,24,
143,措备,2023-10-27,14.7,10.7,19.5,0
143,措备,2023-10-28,13.9,7.5,21,
143,措备,2023-10-29,13.7,7.4,21.8,
143,措备,2023-10-30,14.5,7.7,23.1,
143,措备,2023-10-31,14.9,7.5,24.8,
143,措备,2023-11-01,15.7,7.2,24.3,
143,措备,2023-11-02,17.7,11.8,27.3,
143,措备,2023-11-03,18.6,11.3,26.6,
143,措备,2023-11-04,18.4,14.2,23.7,.1
143,措备,2023-11-05,19.8,16.9,23.3,1.6
143,措备,2023-11-06,18.4,13,22.4,8.2
143,措备,2023-11-07,11.4,6.5,15.7,
143,措备,2023-11-08,9.5,2.1,19,
143,措备,2023-11-09,13.7,5.3,20.9,.1
143,措备,2023-11-10,10.3,5,15.4,10.9
143,措备,2023-11-11,5.9,.6,10.7,
143,措备,2023-11-12,4.8,2.5,8.8,
143,措备,2023-11-13,5.3,1.3,10.2,
143,措备,2023-11-14,7.3,3.4,12.5,
143,措备,2023-11-15,7.4,1.5,14.7,
143,措备,2023-11-16,5.5,2.2,9.7,9.9
143,措备,2023-11-17,6,2.6,10.7,0
143,措备,2023-11-18,3.4,-1.7,8,.7
143,措备,2023-11-19,8.7,.9,15,
143,措备,2023-11-20,8.5,2.6,15.7,
143,措备,2023-11-21,7.3,0,16.6,
143,措备,2023-11-22,9,2.2,18.1,
143,措备,2023-11-23,13.6,7.8,21.6,
143,措备,2023-11-24,3.9,-.2,9.4,
143,措备,2023-11-25,1.3,-2.1,7.6,
143,措备,2023-11-26,4.8,-2.4,10.4,0
143,措备,2023-11-27,8.2,4.6,13.9,.1
143,措备,2023-11-28,6.2,3.4,9.4,
143,措备,2023-11-29,5,1.8,7.9,
143,措备,2023-11-30,.2,-2.2,3.4,
143,措备,2023-12-01,1.2,-1.6,5.5,
143,措备,2023-12-02,3.9,-3.8,10.2,
143,措备,2023-12-03,4.5,-.9,10.5,
143,措备,2023-12-04,3.8,-3.7,12.1,
143,措备,2023-12-05,5.5,-.7,14.1,
143,措备,2023-12-06,5.7,-1.6,11.3,.9
143,措备,2023-12-07,7.6,2.5,13.4,
143,措备,2023-12-08,9.2,-.1,19.8,
143,措备,2023-12-09,12.1,7,20,
143,措备,2023-12-10,11.2,4.6,17.1,
143,措备,2023-12-11,12.4,10.1,13.8,31.2
143,措备,2023-12-12,9.2,7.4,12,.9
143,措备,2023-12-13,8,2.4,12.9,
143,措备,2023-12-14,9.2,6.3,10.9,23.3
143,措备,2023-12-15,8.6,6,10.5,31.5
143,措备,2023-12-16,2.4,-3,7.6,.1
143,措备,2023-12-17,-5.1,-7.2,-1.4,
143,措备,2023-12-18,-2.8,-6.6,0,
143,措备,2023-12-19,.3,-2.6,3.6,
143,措备,2023-12-20,-2.3,-6.6,.6,.1
143,措备,2023-12-21,-6.4,-8.6,-2.6,
143,措备,2023-12-22,-6.4,-9.7,-2.8,
143,措备,2023-12-23,-3.1,-7.7,2,
143,措备,2023-12-24,-1.3,-5.4,4.7,
143,措备,2023-12-25,.2,-4.1,5.6,
143,措备,2023-12-26,1.8,-4.8,9.6,
143,措备,2023-12-27,3.8,-.9,11.3,
143,措备,2023-12-28,3.5,-3,10.6,
143,措备,2023-12-29,3.1,-2.9,9.5,
143,措备,2023-12-30,2.9,-2.9,7.7,.7
143,措备,2023-12-31,4.6,1.4,7.9,1.2
143,措备,2024-01-01,3.9,-1.7,10.2,
143,措备,2024-01-02,6.1,2.5,10.6,
143,措备,2024-01-03,4.1,1.8,7.1,4.2
143,措备,2024-01-04,3,-1.9,9.2,
143,措备,2024-01-05,4.6,-2.5,12.5,
143,措备,2024-01-06,3.7,0,9,
143,措备,2024-01-07,.5,-2.8,2.8,
143,措备,2024-01-08,-1.6,-6.4,4.9,
143,措备,2024-01-09,.2,-5.6,5.7,1.3
143,措备,2024-01-10,2.8,-.1,7.4,0
143,措备,2024-01-11,1.7,-2.9,7.3,
143,措备,2024-01-12,3.7,-1.6,10.3,
143,措备,2024-01-13,2.9,-1.5,8.7,
143,措备,2024-01-14,4.9,-4.5,14.6,.3
143,措备,2024-01-15,2.1,-.9,6.5,
143,措备,2024-01-16,1,-5.2,7.8,
143,措备,2024-01-17,3.3,-1.9,6.7,1
143,措备,2024-01-18,6.3,4.5,7.3,2.7
143,措备,2024-01-19,6,4.9,7.2,0
143,措备,2024-01-20,5.4,3.7,7.4,11
143,措备,2024-01-21,5.5,3.1,8.3,.8
143,措备,2024-01-22,-1.5,-6.4,4.5,.1
143,措备,2024-01-23,-6.2,-8.8,-2.1,
143,措备,2024-01-24,-5,-8.7,-.1,
143,措备,2024-01-25,-2.2,-7,3.7,
143,措备,2024-01-26,1.6,-2.7,7.1,
143,措备,2024-01-27,3,-3.1,9.1,
143,措备,2024-01-28,2,-2.3,6.7,
143,措备,2024-01-29,.4,-5.2,7.8,
143,措备,2024-01-30,2.2,-5.7,11,
143,措备,2024-01-31,7.9,2.7,15.4,0
143,措备,2024-02-01,6.3,3.5,9.1,0
143,措备,2024-02-02,5.4,3.2,9.3,
143,措备,2024-02-03,5.9,4.4,8.4,2.1
143,措备,2024-02-04,5.9,3.9,8.8,1.9
143,措备,2024-02-05,5.4,3.5,6.9,12
143,措备,2024-02-06,3.5,1.2,5.3,0
143,措备,2024-02-07,3.7,.5,8,
143,措备,2024-02-08,2.6,-2.6,9.6,
143,措备,2024-02-09,3.3,-2.3,9.7,
143,措备,2024-02-10,3.8,-1.4,9.2,
143,措备,2024-02-11,3.1,-2.5,8.2,
143,措备,2024-02-12,4.3,-2.8,13.5,
143,措备,2024-02-13,8.3,-.9,18.2,
143,措备,2024-02-14,10.6,5.1,19.2,.8
143,措备,2024-02-15,8.5,3.4,17.8,
143,措备,2024-02-16,4.6,.3,10,
143,措备,2024-02-17,5.8,-2,15.4,
143,措备,2024-02-18,8.2,-1.3,14.5,5.1
143,措备,2024-02-19,14.7,12.3,18.8,14.4
143,措备,2024-02-20,7.5,5.5,13,3.9
143,措备,2024-02-21,5.1,3.6,,4.9
143,措备,2024-02-22,3,2,4.5,1.6
143,措备,2024-02-23,3,1.2,5.5,.3
143,措备,2024-02-24,3.6,1.9,6.4,1.3
143,措备,2024-02-25,4.2,1.5,8.3,1.7
143,措备,2024-02-26,5.1,2.7,9.3,
143,措备,2024-02-27,2.6,-1,6.7,
143,措备,2024-02-28,4.6,-2.4,10.9,
143,措备,2024-02-29,4.1,3.1,5.8,6.8
143,措备,2024-03-01,.5,-4,4,
143,措备,2024-03-02,.5,-5.5,7,
143,措备,2024-03-03,6.3,1,12,0
143,措备,2024-03-04,7.7,-.2,13.9,0
143,措备,2024-03-05,6.6,5.4,9.3,8
143,措备,2024-03-06,6.9,4.8,10,0
143,措备,2024-03-07,5.9,3.6,9.7,0
143,措备,2024-03-08,4.7,1.4,10.2,
143,措备,2024-03-09,3.9,-.6,10.5,
143,措备,2024-03-10,5.4,-2.9,13.9,
143,措备,2024-03-11,8,.9,13.4,
143,措备,2024-03-12,6.7,2.1,12.1,0
143,措备,2024-03-13,7.8,.6,16.1,
143,措备,2024-03-14,9.7,1.6,18.1,
143,措备,2024-03-15,12,1.7,21.1,
143,措备,2024-03-16,14.1,4.4,22.1,0
143,措备,2024-03-17,13.6,8.3,18.8,
143,措备,2024-03-18,9.9,2.7,17.4,
143,措备,2024-03-19,9.9,5.9,16.3,.3
143,措备,2024-03-20,6.7,4,11.1,
143,措备,2024-03-21,6.4,.4,13.1,
143,措备,2024-03-22,10,2,16.1,.2
143,措备,2024-03-23,16,11.1,24.1,.3
143,措备,2024-03-24,10.9,10.1,12.3,.3
143,措备,2024-03-25,9.5,7,12.4,16.2
143,措备,2024-03-26,7.9,5.8,11.1,17.3
143,措备,2024-03-27,10,2.2,17,
143,措备,2024-03-28,9.2,8.2,11,27
143,措备,2024-03-29,13.1,5.1,20.1,
143,措备,2024-03-30,11.3,3.9,18.8,1.3
143,措备,2024-03-31,13.2,8,19.9,
143,措备,2024-04-01,14.6,5.3,24,
143,措备,2024-04-02,15.7,7.4,24.6,2.9
143,措备,2024-04-03,12.1,11.3,13.4,29.4
143,措备,2024-04-04,12.4,10.6,15.7,
143,措备,2024-04-05,14.1,10.6,19.7,
143,措备,2024-04-06,14.6,8.6,21.5,
143,措备,2024-04-07,17,8.5,25.5,
143,措备,2024-04-08,17.9,11.2,23.4,
143,措备,2024-04-09,12.6,8.4,17.4,
143,措备,2024-04-10,12.7,4.7,20.4,
143,措备,2024-04-11,15.1,10,21,
143,措备,2024-04-12,18,10.1,26.2,
143,措备,2024-04-13,19.5,10.8,28.4,
143,措备,2024-04-14,19.7,10.6,28.2,
143,措备,2024-04-15,16.1,15.2,18.3,14.5
143,措备,2024-04-16,18,13.7,23.6,
143,措备,2024-04-17,17,9.5,24.6,
143,措备,2024-04-18,18,10.8,26.7,
143,措备,2024-04-19,20.2,11,28.8,
143,措备,2024-04-20,15.4,13.9,19.1,4
143,措备,2024-04-21,15.5,14.1,17.1,.3
143,措备,2024-04-22,15,12.8,17.7,
143,措备,2024-04-23,14,11.1,17.7,4.5
143,措备,2024-04-24,14.2,10.4,20.7,1.9
143,措备,2024-04-25,18.5,11.6,27,
143,措备,2024-04-26,18.4,12.3,25.5,
143,措备,2024-04-27,20.9,12.1,30.5,
143,措备,2024-04-28,19.3,12.5,28.4,
143,措备,2024-04-29,14.6,13.3,16.1,1.6
143,措备,2024-04-30,16.5,12.3,22.9,1.5
143,措备,2024-05-01,13,9.5,18.1,1.2
143,措备,2024-05-02,15.9,6.6,25.1,
143,措备,2024-05-03,19.2,9.8,28.4,
143,措备,2024-05-04,20.4,10.2,29.3,
143,措备,2024-05-05,18.8,17.4,21.2,12.4
143,措备,2024-05-06,20.1,17.2,24.4,7.6
143,措备,2024-05-07,14.1,10.9,18.4,4.4
143,措备,2024-05-08,13,9.6,17.7,1
143,措备,2024-05-09,16.8,6.9,25.6,
143,措备,2024-05-10,19.9,10.5,29.8,
143,措备,2024-05-11,19.9,12.8,25.1,4.2
143,措备,2024-05-12,19.3,16.4,24.1,5.6
143,措备,2024-05-13,19,11.2,26.1,
143,措备,2024-05-14,20.1,10.7,28.5,
143,措备,2024-05-15,18.4,10.6,27.9,16.7
143,措备,2024-05-16,15.5,8.5,22.4,2
143,措备,2024-05-17,19.1,10,28.4,
143,措备,2024-05-18,21.4,12.1,30.6,
143,措备,2024-05-19,23,14.6,31.5,
143,措备,2024-05-20,21,14.4,29,
143,措备,2024-05-21,17.8,14.5,22.8,
143,措备,2024-05-22,21.7,11.8,30.7,
143,措备,2024-05-23,25.3,18.3,32.5,
143,措备,2024-05-24,21.2,16.8,26.8,
143,措备,2024-05-25,19.6,16.6,23.9,
143,措备,2024-05-26,20.8,14.2,28,4.7
143,措备,2024-05-27,21.5,18.5,24.9,
143,措备,2024-05-28,18.6,13.6,24.4,
143,措备,2024-05-29,20.9,10.4,29.2,
143,措备,2024-05-30,21.6,16.5,27.5,
143,措备,2024-05-31,24,19.5,29.8,
143,措备,2024-06-01,22,17.3,27.5,
143,措备,2024-06-02,20.1,15,26.7,
143,措备,2024-06-03,19.4,16.1,25.4,
143,措备,2024-06-04,19.8,13.1,26.3,
143,措备,2024-06-05,21.4,12.5,28.9,
143,措备,2024-06-06,22,16.2,27.9,
143,措备,2024-06-07,23.9,16.5,30.3,
143,措备,2024-06-08,19.9,18.7,23.2,21.5
143,措备,2024-06-09,23.1,18.7,29.4,1.8
143,措备,2024-06-10,26,18.5,33.4,
143,措备,2024-06-11,27.5,20.6,34.5,
143,措备,2024-06-12,27.9,21.8,33.9,
143,措备,2024-06-13,27.7,21.5,35.6,
143,措备,2024-06-14,27.5,19.6,35.1,
143,措备,2024-06-15,25.4,21.7,32.2,4.3
143,措备,2024-06-16,26.2,21.5,31.5,
143,措备,2024-06-17,24.8,19.2,30,
143,措备,2024-06-18,28.3,19.5,35.4,
143,措备,2024-06-19,29.3,21.4,36.8,
143,措备,2024-06-20,25,21.1,28.8,
143,措备,2024-06-21,26.2,21.2,30.8,
143,措备,2024-06-22,23.4,22.3,24.5,21.2
143,措备,2024-06-23,26.1,23.4,30,.1
143,措备,2024-06-24,26.8,21.8,32.6,
143,措备,2024-06-25,24.8,20.9,29.6,
143,措备,2024-06-26,24.8,19.6,30.8,
143,措备,2024-06-27,22,18.1,26.2,4.7
143,措备,2024-06-28,26,18.2,34.1,
143,措备,2024-06-29,24.5,22,29.8,20.3
143,措备,2024-06-30,26.2,23.6,31,24.4
143,措备,2024-07-01,28,24.4,32.5,0
143,措备,2024-07-02,25.2,21.9,27.9,22.1
143,措备,2024-07-03,28.9,24.9,33.9,12.4
143,措备,2024-07-04,29,22.9,34.8,
143,措备,2024-07-05,29,26,32.8,.5
143,措备,2024-07-06,28.7,24.5,32.9,
143,措备,2024-07-07,29,24.6,32.4,7.9
143,措备,2024-07-08,27.2,26.2,29.2,2.4
143,措备,2024-07-09,24.4,22.8,27.2,191.3
143,措备,2024-07-10,23.9,22,26.2,65.7
143,措备,2024-07-11,24.6,21.7,28.2,24
143,措备,2024-07-12,26.4,22.4,32.7,4.5
143,措备,2024-07-13,25.6,21.8,30.1,.8
143,措备,2024-07-14,23.7,22.8,25.3,2.6
143,措备,2024-07-15,24.3,22.6,26.6,0
143,措备,2024-07-16,25.1,22.2,28.8,5.9
143,措备,2024-07-17,27.1,23,31.7,0
143,措备,2024-07-18,28.5,26.8,30.7,.9
143,措备,2024-07-19,27.3,24.2,30.8,1.9
143,措备,2024-07-20,26.9,24,30.6,22.7
143,措备,2024-07-21,29.7,25.9,34.4,2.2
143,措备,2024-07-22,30.1,25.9,34.2,
143,措备,2024-07-23,30,27.5,32.8,
143,措备,2024-07-24,28.6,26.3,31.2,4.4
143,措备,2024-07-25,29.7,25.3,34.8,
143,措备,2024-07-26,29.7,26.3,33.4,0
143,措备,2024-07-27,29.5,26.4,33.9,0
143,措备,2024-07-28,30.5,26.6,35.1,
143,措备,2024-07-29,30.7,26.3,35.6,
143,措备,2024-07-30,30.3,25.5,35.1,
143,措备,2024-07-31,30.6,25.4,36.3,
143,措备,2024-08-01,31.6,27.9,35.5,
143,措备,2024-08-02,31.5,27.6,36.3,2.4
143,措备,2024-08-03,32.1,27.8,37.2,
143,措备,2024-08-04,29.8,27,35.3,
143,措备,2024-08-05,28.3,24.4,36,20.6
143,措备,2024-08-06,29.2,23.8,35.5,
143,措备,2024-08-07,31,26.5,36.6,
143,措备,2024-08-08,28.5,24.1,34.1,58
143,措备,2024-08-09,29.3,24.6,35.5,
143,措备,2024-08-10,28.9,24.6,34.2,
143,措备,2024-08-11,28.9,24.1,34.4,
143,措备,2024-08-12,28.4,23.5,34.5,
143,措备,2024-08-13,28,23.4,33.6,
143,措备,2024-08-14,28,23,32.6,
143,措备,2024-08-15,28.3,24,34.3,
143,措备,2024-08-16,28.7,24.3,33.9,
143,措备,2024-08-17,29.1,24.7,34.5,
143,措备,2024-08-18,29,24.6,34,0
143,措备,2024-08-19,29.6,24.6,35.1,0
143,措备,2024-08-20,28.8,26.3,33.6,2
143,措备,2024-08-21,28.1,25.6,31.5,3.3
143,措备,2024-08-22,29.7,26,34.4,0
143,措备,2024-08-23,30.3,25.1,35.4,
143,措备,2024-08-24,30.4,25.4,35.8,
143,措备,2024-08-25,28.9,25.4,35.9,0
143,措备,2024-08-26,28.7,25.3,34.4,21.1
143,措备,2024-08-27,26.2,23.7,30.9,10.8
143,措备,2024-08-28,26.6,24.1,29.9,
143,措备,2024-08-29,28.1,25,32.8,.1
143,措备,2024-08-30,29.5,25.7,34.8,
143,措备,2024-08-31,27.6,24.3,33.3,
143,措备,2024-09-01,27.9,22.2,34.3,
143,措备,2024-09-02,27,22.9,31.7,0
143,措备,2024-09-03,24.9,21.9,28.8,0
143,措备,2024-09-04,25.4,19.6,31,
143,措备,2024-09-05,28.4,20.3,35.1,
143,措备,2024-09-06,25.4,22.5,29.2,15.7
143,措备,2024-09-07,25.4,22.3,30,4.5
143,措备,2024-09-08,27.2,24.7,32.3,.1
143,措备,2024-09-09,27.5,24.6,32.3,
143,措备,2024-09-10,28.9,23,35.6,
143,措备,2024-09-11,27.1,25.1,31.1,1.4
143,措备,2024-09-12,27.5,24.5,32.3,25.7
143,措备,2024-09-13,28.9,25,33.8,
143,措备,2024-09-14,28.7,25,34.9,
143,措备,2024-09-15,26.5,24.7,29.8,
143,措备,2024-09-16,26,24.4,28.5,
143,措备,2024-09-17,29.5,24.3,36.1,
143,措备,2024-09-18,29.5,25.8,35.8,0
143,措备,2024-09-19,29,24.5,34,
143,措备,2024-09-20,26.2,25.2,28.2,16.4
143,措备,2024-09-21,21.2,19.7,25.4,87.6
143,措备,2024-09-22,22.1,19.9,25.4,0
143,措备,2024-09-23,19.7,15.2,23.6,
143,措备,2024-09-24,19.7,13.6,25.7,
143,措备,2024-09-25,22.5,17.3,28.2,
143,措备,2024-09-26,23.3,18.1,29,
143,措备,2024-09-27,23.4,20.4,29.7,
143,措备,2024-09-28,21.8,19.2,25.9,.1
143,措备,2024-09-29,21.3,17.4,26.1,
143,措备,2024-09-30,21.3,15,28.8,
143,措备,2024-10-01,21.1,16.6,28.2,
143,措备,2024-10-02,17.3,14.3,21.6,
143,措备,2024-10-03,16.6,14.1,20.7,9.9
143,措备,2024-10-04,17.3,12.6,23.1,
143,措备,2024-10-05,17.2,11,23.8,
143,措备,2024-10-06,18.1,14.6,22.4,3.2
143,措备,2024-10-07,17.4,15.9,19.4,.9
143,措备,2024-10-08,17.9,13.8,24.6,5.8
143,措备,2024-10-09,17.2,13.2,22.4,
143,措备,2024-10-10,17.5,11.5,24.3,
143,措备,2024-10-11,18.1,12.4,25.2,
143,措备,2024-10-12,17.8,12.2,25.4,
143,措备,2024-10-13,17.9,10.4,24,
143,措备,2024-10-14,18.7,16.5,21.7,14.1
143,措备,2024-10-15,19.1,17.3,21,7.5
143,措备,2024-10-16,19.4,16.4,24.6,
143,措备,2024-10-17,18.7,15.2,23.5,
143,措备,2024-10-18,20.5,17.6,24.3,16.1
143,措备,2024-10-19,17.8,13.2,23,5.4
143,措备,2024-10-20,14.4,12.1,15.7,
143,措备,2024-10-21,15.2,11.8,17.7,5.3
143,措备,2024-10-22,17.1,15,18.4,23
143,措备,2024-10-23,16.8,12.5,20.4,0
143,措备,2024-10-24,13.8,7.6,21,
143,措备,2024-10-25,15,8.4,20.6,
143,措备,2024-10-26,16.6,12.5,21.6,
143,措备,2024-10-27,14.5,10.9,17.4,2.8
143,措备,2024-10-28,14.6,12.9,16.6,.9
143,措备,2024-10-29,14.5,10.7,19.9,
143,措备,2024-10-30,14.7,9.2,22.7,
143,措备,2024-10-31,15,9.3,21.3,
143,措备,2024-11-01,14,12.6,15.3,13
143,措备,2024-11-02,16.2,13,22.5,18.9
143,措备,2024-11-03,14.6,9.9,21.7,
143,措备,2024-11-04,15.2,9.8,21.7,
143,措备,2024-11-05,12.4,8.2,18.5,
143,措备,2024-11-06,9.4,4.4,14.7,
143,措备,2024-11-07,9.3,1.6,18.6,
143,措备,2024-11-08,12.4,5.6,20.4,
143,措备,2024-11-09,12.7,7.5,18.8,
143,措备,2024-11-10,12.6,9.7,16.8,
143,措备,2024-11-11,13.9,9.3,20.4,
143,措备,2024-11-12,13.8,9.2,21.4,
143,措备,2024-11-13,13.1,6.5,20,
143,措备,2024-11-14,12.8,7.7,17.9,0
143,措备,2024-11-15,14.6,12.5,17.8,0
143,措备,2024-11-16,16.4,11.3,23,
143,措备,2024-11-17,12.5,6.9,16.5,0
143,措备,2024-11-18,5,1.1,10.6,
143,措备,2024-11-19,6.6,-.5,13.2,
143,措备,2024-11-20,8.6,2.7,14.3,
143,措备,2024-11-21,8.9,3.6,15.4,
143,措备,2024-11-22,8.2,3.2,14.5,
143,措备,2024-11-23,5.9,-.2,13,
143,措备,2024-11-24,8,3.8,15,
143,措备,2024-11-25,9.2,2.4,15.8,.2
143,措备,2024-11-26,9.3,5.5,12.7,18.3
143,措备,2024-11-27,5.1,2.6,7.6,0
143,措备,2024-11-28,6,2.5,9.7,0
143,措备,2024-11-29,5.3,2.4,8,0
143,措备,2024-11-30,7.5,4.1,11.9,
143,措备,2024-12-01,8.2,2.2,15.1,
143,措备,2024-12-02,10.8,2.7,18.6,
143,措备,2024-12-03,6.4,3.1,10.1,
143,措备,2024-12-04,4.6,.9,9.2,
143,措备,2024-12-05,5.5,.4,9.8,
143,措备,2024-12-06,6.4,3.2,9.8,0
143,措备,2024-12-07,3.9,1.6,7.9,
143,措备,2024-12-08,2.6,0,6.4,
143,措备,2024-12-09,3.7,-3.1,8.7,
143,措备,2024-12-10,4.4,-.6,9.9,
143,措备,2024-12-11,4.2,-.6,11.5,
143,措备,2024-12-12,3.3,-2.4,8.8,
143,措备,2024-12-13,3.7,.7,7.8,
143,措备,2024-12-14,2,-1,5.6,
143,措备,2024-12-15,2.9,-.4,5.5,0
143,措备,2024-12-16,3.9,.1,9.4,0
143,措备,2024-12-17,4.1,1.3,8,0
143,措备,2024-12-18,.6,-1.4,4.2,
143,措备,2024-12-19,.3,-5.2,7.6,
143,措备,2024-12-20,1.8,-2.9,8.1,
143,措备,2024-12-21,2,-1.2,5.6,1.3
143,措备,2024-12-22,-.6,-3.7,3,
143,措备,2024-12-23,2.6,-1.9,8,
143,措备,2024-12-24,2.4,-2,7.8,
143,措备,2024-12-25,3.1,-2.8,8.9,
143,措备,2024-12-26,3.9,-.3,8.5,
143,措备,2024-12-27,.4,-2.5,4,
143,措备,2024-12-28,-.1,-2.3,3,0
143,措备,2024-12-29,1.8,-3.7,8.2,
143,措备,2024-12-30,4.5,-2.4,11.8,
143,措备,2024-12-31,4.2,-.4,7.2,
143,措备,2025-01-01,2.8,-3.7,9.9,
143,措备,2025-01-02,3.1,-3.7,9.8,
143,措备,2025-01-03,1.5,-.8,4.9,
143,措备,2025-01-04,1.6,-2.9,6.8,
143,措备,2025-01-05,1.2,-3.9,5.7,
143,措备,2025-01-06,1.8,-2.4,7.6,0
143,措备,2025-01-07,.3,-2.2,4.1,
143,措备,2025-01-08,.5,-2.4,5.4,.6
143,措备,2025-01-09,-6.1,-10.1,-1.6,
143,措备,2025-01-10,-5.3,-10.7,-.3,
143,措备,2025-01-11,-2,-6.9,2.6,
143,措备,2025-01-12,-.1,-4.4,3.9,
143,措备,2025-01-13,.9,-3.2,7.2,
143,措备,2025-01-14,4.1,-3.5,11.7,
143,措备,2025-01-15,-.3,-3.1,3.5,
143,措备,2025-01-16,.8,-3.3,6.4,
143,措备,2025-01-17,2.4,-2.9,9.2,
143,措备,2025-01-18,2.4,-5.5,11.2,
143,措备,2025-01-19,2.4,-4.7,11.2,
143,措备,2025-01-20,2.4,-3.7,10.6,
143,措备,2025-01-21,2.6,-3.1,10.5,
143,措备,2025-01-22,3.6,-3.5,11.8,
143,措备,2025-01-23,4.4,-.9,12.6,
143,措备,2025-01-24,3.7,-3.9,11.8,
143,措备,2025-01-25,3.5,-1.4,8.7,0
143,措备,2025-01-26,4.9,2,7.9,0
143,措备,2025-01-27,1.8,-.6,5,3.7
143,措备,2025-01-28,.6,-1.6,3.3,0
143,措备,2025-01-29,-.3,-2.5,2.9,0
143,措备,2025-01-30,.5,-3.1,6.2,
143,措备,2025-01-31,2.4,-4.2,7.7,0
143,措备,2025-02-01,3.7,2.5,5.7,5.9
143,措备,2025-02-02,3.7,.5,10,
143,措备,2025-02-03,.5,-3.7,3.9,
143,措备,2025-02-04,-4.3,-7.1,-.8,
143,措备,2025-02-05,-4.2,-6.8,.4,
143,措备,2025-02-06,-2.2,-6.6,2.3,
143,措备,2025-02-07,-4.8,-8.1,-1,1
143,措备,2025-02-08,-5.1,-9.3,-.2,
143,措备,2025-02-09,-2.4,-6.9,3.2,
143,措备,2025-02-10,-.4,-4.6,4.6,
143,措备,2025-02-11,.9,-6.2,9.6,
143,措备,2025-02-12,1.5,-1.3,4.3,5.7
143,措备,2025-02-13,2,-2.2,7.1,
143,措备,2025-02-14,3.5,-4,12,
143,措备,2025-02-15,3.4,-2.5,9.8,
143,措备,2025-02-16,6.3,-2.2,13.7,
143,措备,2025-02-17,2.8,-.7,7.4,
143,措备,2025-02-18,.2,-2.9,4.5,
143,措备,2025-02-19,.1,-3.6,5,
143,措备,2025-02-20,0,-3.9,5.2,
143,措备,2025-02-21,.1,-3.5,4.8,
143,措备,2025-02-22,.8,-2.9,6.1,0
143,措备,2025-02-23,-1,-3.7,2.7,
143,措备,2025-02-24,.9,-4.4,7,
143,措备,2025-02-25,4.3,-3.1,10.7,
143,措备,2025-02-26,6.2,-.7,12.7,
143,措备,2025-02-27,7,-3,15.5,0
143,措备,2025-02-28,10.8,5.9,18.6,.1
143,措备,2025-03-01,9.4,1.7,15.2,0
143,措备,2025-03-02,10.2,5.6,14.2,4
143,措备,2025-03-03,3.1,.9,5.9,13.4
143,措备,2025-03-04,3,1.5,4.6,3.8
143,措备,2025-03-05,4.9,2.6,8,0
143,措备,2025-03-06,5.1,2.2,9.6,0
143,措备,2025-03-07,5.3,-.6,11.6,
143,措备,2025-03-08,7.6,4.2,12.4,0
143,措备,2025-03-09,7.7,.4,15.1,
143,措备,2025-03-10,7.4,.1,14.5,
143,措备,2025-03-11,10.1,1.3,19.6,
143,措备,2025-03-12,12.3,4.2,19.4,
143,措备,2025-03-13,12,7.9,18.7,
143,措备,2025-03-14,9.6,2.8,16.6,
143,措备,2025-03-15,8.1,6.3,9.2,.4
143,措备,2025-03-16,5.4,.7,9.1,2.1
143,措备,2025-03-17,4.2,.4,9.7,
143,措备,2025-03-18,2.8,.6,5.4,.1
143,措备,2025-03-19,4.6,-.6,10.1,
143,措备,2025-03-20,9.2,-1,17.5,
143,措备,2025-03-21,15.4,6.1,23.8,
143,措备,2025-03-22,17.4,7.1,26,
143,措备,2025-03-23,17.5,7.7,27.9,
143,措备,2025-03-24,18.3,11.6,25.4,
143,措备,2025-03-25,18.9,10.2,27.3,
143,措备,2025-03-26,17.7,8.6,26.9,
143,措备,2025-03-27,19.6,14.1,27.2,1.2
143,措备,2025-03-28,9.6,7,14.1,.4
143,措备,2025-03-29,6.7,3,12.7,0
143,措备,2025-03-30,5.5,1,10.5,
143,措备,2025-03-31,7.7,-.1,14.8,
143,措备,2025-04-01,10,2,17.3,
143,措备,2025-04-02,9.1,2,19.3,8.1
143,措备,2025-04-03,9,3.4,16,
143,措备,2025-04-04,11.3,3.5,18.8,
143,措备,2025-04-05,11.8,7.9,15.6,0
143,措备,2025-04-06,13.2,6.8,19.2,
143,措备,2025-04-07,14.8,3.9,25,
143,措备,2025-04-08,17.2,10.8,23.6,
143,措备,2025-04-09,14.6,6,22,0
143,措备,2025-04-10,15.8,11,22.6,
143,措备,2025-04-11,16,6.6,24.9,
143,措备,2025-04-12,14.2,8.7,22.4,6.5
143,措备,2025-04-13,8.5,3.3,12.9,14.2
143,措备,2025-04-14,6.6,3.4,12.2,6.1
143,措备,2025-04-15,10.6,5,17,0
143,措备,2025-04-16,16,4.7,26.8,
143,措备,2025-04-17,18.4,12.2,24.2,
143,措备,2025-04-18,21.7,14.3,29.5,
143,措备,2025-04-19,21.4,16.4,26.7,0
143,措备,2025-04-20,15.4,13.2,19.8,0
143,措备,2025-04-21,18,12.2,25.6,
143,措备,2025-04-22,15.6,12.7,18.4,6.9
143,措备,2025-04-23,14.6,10.2,18.9,0
143,措备,2025-04-24,18.6,10.3,27.1,
143,措备,2025-04-25,15.4,11.5,20.6,
143,措备,2025-04-26,16.7,6.9,25.7,
143,措备,2025-04-27,18.4,9.5,26.8,
143,措备,2025-04-28,18.5,12.1,24.4,
143,措备,2025-04-29,16.2,7.9,24.1,
143,措备,2025-04-30,19.2,10.3,28.8,
143,措备,2025-05-01,16.5,10.9,24.1,28.1
143,措备,2025-05-02,15.9,10.5,21.1,
143,措备,2025-05-03,11.8,9.7,15.6,13.9
143,措备,2025-05-04,15.5,6.9,22.7,
143,措备,2025-05-05,13,6.6,19.8,2.5
143,措备,2025-05-06,11.8,10.2,14.2,3.2
143,措备,2025-05-07,16.1,9.9,23.7,
143,措备,2025-05-08,18.3,11,25.4,
143,措备,2025-05-09,14.7,12.2,17.1,10.2
143,措备,2025-05-10,16.4,14.7,19.7,.3
143,措备,2025-05-11,16,12.5,21.4,0
143,措备,2025-05-12,18.3,9.4,26.6,
143,措备,2025-05-13,19.9,11.3,28,
143,措备,2025-05-14,21,13.8,29.1,
143,措备,2025-05-15,21.5,17.5,26.6,.9
143,措备,2025-05-16,20.3,17.5,23.8,18.8
143,措备,2025-05-17,22.5,16.9,28.8,.5
143,措备,2025-05-18,19.1,14.2,24.4,
143,措备,2025-05-19,20.9,12.2,28.5,
143,措备,2025-05-20,25.3,18,33.7,
143,措备,2025-05-21,24.4,19.9,29.9,
143,措备,2025-05-22,17.1,15.2,19.9,
143,措备,2025-05-23,16.9,13.7,20.5,
143,措备,2025-05-24,13.7,11.9,16,1.7
143,措备,2025-05-25,17.6,12.2,24.8,.6
143,措备,2025-05-26,19.8,12.1,26.9,
143,措备,2025-05-27,21.2,13.7,28.4,
143,措备,2025-05-28,20,14.6,29.7,22.5
143,措备,2025-05-29,18.7,13.8,26,.4
143,措备,2025-05-30,18.2,13.2,24.9,
143,措备,2025-05-31,19.7,11.1,27.8,
143,措备,2025-06-01,22.2,13.2,31.4,
143,措备,2025-06-02,20.3,17.8,24.3,0
143,措备,2025-06-03,22.6,17.1,28.8,.1
143,措备,2025-06-04,22.9,13.4,29.2,
143,措备,2025-06-05,23,15.5,30,
143,措备,2025-06-06,23.2,17.4,30.5,
143,措备,2025-06-07,24.8,15.9,33,
143,措备,2025-06-08,26,20.5,31.5,
143,措备,2025-06-09,25.9,21.4,31.3,
143,措备,2025-06-10,26.5,20,33.6,
143,措备,2025-06-11,25.6,20.6,31.5,
143,措备,2025-06-12,25.3,19.1,31.7,
143,措备,2025-06-13,20.5,17.8,24.9,31.1
143,措备,2025-06-14,21.9,18,27.1,32.7
143,措备,2025-06-15,26.1,20,32.7,.3
143,措备,2025-06-16,25,22.1,29.1,8.5
143,措备,2025-06-17,25.2,19.9,29.9,
143,措备,2025-06-18,26.9,21.8,32.7,
143,措备,2025-06-19,27.5,21,33.9,
143,措备,2025-06-20,26.9,24.1,29.5,1.7
143,措备,2025-06-21,22.8,18.3,26.9,74.1
143,措备,2025-06-22,22.4,18,27.4,8.4
143,措备,2025-06-23,24.9,17.8,31.7,
143,措备,2025-06-24,20.7,18.5,24.8,6.7
143,措备,2025-06-25,23.6,19.9,29.1,.1
143,措备,2025-06-26,25.4,22.1,30.1,
143,措备,2025-06-27,27.1,20.6,33.1,
143,措备,2025-06-28,28.5,23.5,34.5,0
143,措备,2025-06-29,29.9,24.5,36.6,
143,措备,2025-06-30,30.7,25.8,36.4,
143,措备,2025-07-01,30.7,25.7,35.7,
143,措备,2025-07-02,31.4,26.9,36.4,
143,措备,2025-07-03,31.2,27.1,36,
143,措备,2025-07-04,30.2,25.7,35.5,
143,措备,2025-07-05,30.6,25.5,36.4,
143,措备,2025-07-06,30.6,26.6,34.9,
143,措备,2025-07-07,31.5,26.4,37.4,
143,措备,2025-07-08,28.5,25.5,32.3,
143,措备,2025-07-09,28.1,23.7,33.6,
143,措备,2025-07-10,26.6,23.6,31.3,
143,措备,2025-07-11,26.2,22.9,30.6,
143,措备,2025-07-12,26.2,21.8,31.8,
143,措备,2025-07-13,25.3,20.1,32.5,33.3
143,措备,2025-07-14,24.2,20.2,31.2,16.7
143,措备,2025-07-15,23.3,20,28,.3
143,措备,2025-07-16,23,21.1,26.4,7.4
143,措备,2025-07-17,22.5,21.3,24.4,102.3
143,措备,2025-07-18,24.8,21.3,31.6,14.3
143,措备,2025-07-19,21.9,21.1,23.3,68.1
143,措备,2025-07-20,26.5,21.5,32.1,
143,措备,2025-07-21,26.8,23.4,30.8,5.6
143,措备,2025-07-22,29.5,25,34.2,
143,措备,2025-07-23,29.9,24.8,35.3,
143,措备,2025-07-24,29.9,24.9,35.3,
143,措备,2025-07-25,29.3,23.4,35.2,
143,措备,2025-07-26,29.3,23.8,34.5,
143,措备,2025-07-27,29.8,24.4,36,
143,措备,2025-07-28,30.4,23.9,36.8,
143,措备,2025-07-29,30.1,24.4,35.9,
143,措备,2025-07-30,29.2,22.9,35.2,
143,措备,2025-07-31,29.9,24.6,35.9,
143,措备,2025-08-01,30.4,23.6,37.2,
143,措备,2025-08-02,30.9,25.2,37.3,
143,措备,2025-08-03,28.9,24.3,33.1,24.5
143,措备,2025-08-04,28.2,24.8,33.3,91
143,措备,2025-08-05,29.7,25.9,35.1,1
143,措备,2025-08-06,28.5,23.5,32.5,17
143,措备,2025-08-07,27.4,23.3,32,.3
143,措备,2025-08-08,26.9,22.7,31.2,
143,措备,2025-08-09,24.5,22.5,27.3,1.1
143,措备,2025-08-10,25.2,21.2,29.5,13.9
143,措备,2025-08-11,24.4,20.5,29.9,.4
143,措备,2025-08-12,22.8,20.2,24.4,5.9
143,措备,2025-08-13,27.5,23.3,32.1,
143,措备,2025-08-14,29.8,24.1,35,
143,措备,2025-08-15,29.5,24.8,34.6,
143,措备,2025-08-16,29.7,25.5,34.6,
143,措备,2025-08-17,28.8,23.9,34,
143,措备,2025-08-18,29.5,24.9,34.8,
143,措备,2025-08-19,30.8,26.9,34.7,
143,措备,2025-08-20,30.4,26.5,35.7,
143,措备,2025-08-21,30.1,26.5,35.5,
143,措备,2025-08-22,30,25.1,36.3,
143,措备,2025-08-23,30.8,25.4,37.2,
143,措备,2025-08-24,31,25.8,35.6,
143,措备,2025-08-25,30.8,26.8,36.9,
143,措备,2025-08-26,28.9,26.2,34.3,0
143,措备,2025-08-27,28.3,23.4,35.6,
143,措备,2025-08-28,28.3,24,34.9,
143,措备,2025-08-29,30.6,25.6,36.3,
143,措备,2025-08-30,31,25.2,36.7,
143,措备,2025-08-31,27.8,25.1,33.8,2.9
143,措备,2025-09-01,27.9,24.6,32.5,11.7
143,措备,2025-09-02,27.4,24.8,31.4,0
143,措备,2025-09-03,27,23.2,32.2,
143,措备,2025-09-04,27.5,23.9,33,.4
143,措备,2025-09-05,27.4,23.3,33.6,12.6
143,措备,2025-09-06,28.4,23,34.1,0
143,措备,2025-09-07,26.7,24.7,29.1,5.5
143,措备,2025-09-08,23.5,19.1,27.9,8.1
143,措备,2025-09-09,19.6,18,21.6,61.8
143,措备,2025-09-10,22.2,19.6,26.3,13.1
143,措备,2025-09-11,23.2,18.2,28.2,
143,措备,2025-09-12,23.3,21.4,26.4,.5
143,措备,2025-09-13,25,22.1,31.6,10
143,措备,2025-09-14,24,20.6,28.7,1.7
143,措备,2025-09-15,25.9,22.1,29.7,0
143,措备,2025-09-16,27.5,22.9,34,
143,措备,2025-09-17,25.8,23.4,33.4,6.6
143,措备,2025-09-18,21.9,19.9,23.8,
143,措备,2025-09-19,21.6,19.8,24.4,
143,措备,2025-09-20,21.7,18.7,27,8.9
143,措备,2025-09-21,20.5,17,25.6,
143,措备,2025-09-22,20,16,24.8,
143,措备,2025-09-23,21.2,16.9,25.9,0
143,措备,2025-09-24,23.9,20.6,27.9,
143,措备,2025-09-25,23.9,22.8,26.4,8.1
143,措备,2025-09-26,23,19.8,28.1,
143,措备,2025-09-27,22.9,18.9,27.5,
143,措备,2025-09-28,21.7,20.4,25,1.8
143,措备,2025-09-29,22,18.6,27.1,
143,措备,2025-09-30,20.6,15.8,26.4,
143,措备,2025-10-01,21.5,16.7,27.7,
143,措备,2025-10-02,20.7,16.8,25,
143,措备,2025-10-03,19.2,18.8,20.7,15.9
143,措备,2025-10-04,21.1,19,24.1,1.6
143,措备,2025-10-05,22.2,19.9,26.5,.2
143,措备,2025-10-06,19.9,18.7,20.5,3.2
143,措备,2025-10-07,20.7,18.6,22.2,8.5
143,措备,2025-10-08,21.6,20,24.4,
143,措备,2025-10-09,20,17.5,23.5,0
143,措备,2025-10-10,20.8,16.9,25.3,0
143,措备,2025-10-11,22.9,17.5,29.8,
143,措备,2025-10-12,19.3,17.5,23.7,3.2
143,措备,2025-10-13,18.3,16.3,19.7,2.2
143,措备,2025-10-14,18.1,16.4,19.6,50
143,措备,2025-10-15,19.5,15.2,23,0
143,措备,2025-10-16,19.6,17.5,23.7,11.8
143,措备,2025-10-17,19.6,16,23.4,.3
143,措备,2025-10-18,18.5,16.8,20.4,2.7
143,措备,2025-10-19,17.7,15.5,20.4,
143,措备,2025-10-20,14.7,12.1,19.1,
143,措备,2025-10-21,14.9,11.9,18.1,
143,措备,2025-10-22,14.9,12.5,17.8,0
143,措备,2025-10-23,15.5,12.2,20.8,
143,措备,2025-10-24,15.2,11.2,19.3,
143,措备,2025-10-25,16.7,13,22.2,
143,措备,2025-10-26,15.7,12,19.5,0
143,措备,2025-10-27,11.2,8,13.8,
143,措备,2025-10-28,8.8,3.4,14.8,
143,措备,2025-10-29,9.1,1.9,17.1,
143,措备,2025-10-30,10.4,4.1,17.5,
143,措备,2025-10-31,11.7,6.4,19.6,
143,措备,2025-11-01,13.6,9.2,19.1,.4
143,措备,2025-11-02,11.9,7.5,17.2,.4
143,措备,2025-11-03,9.2,2.9,15.4,
143,措备,2025-11-04,10.9,4.7,19.4,
143,措备,2025-11-05,11.8,5.4,20.2,
143,措备,2025-11-06,12.8,6.7,21.2,
143,措备,2025-11-07,13.1,7.7,20.6,
143,措备,2025-11-08,12.9,7.8,18.3,3.9
143,措备,2025-11-09,14.6,11.1,19.3,7.5
143,措备,2025-11-10,10.7,4.7,16,
143,措备,2025-11-11,10.3,5.1,16.8,
143,措备,2025-11-12,8.6,2.5,14.1,
143,措备,2025-11-13,11.3,5.3,18.3,
143,措备,2025-11-14,10.3,3.7,17.6,
143,措备,2025-11-15,9.3,3.2,18.4,
143,措备,2025-11-16,10.3,3,20.5,
143,措备,2025-11-17,8,3.5,11.1,
143,措备,2025-11-18,4.6,.7,8.4,
143,措备,2025-11-19,5.5,.7,10.8,
143,措备,2025-11-20,8.9,.3,15.7,
143,措备,2025-11-21,8.3,4.3,13.2,
143,措备,2025-11-22,7.7,1.4,15.9,
143,措备,2025-11-23,8,1.9,16.4,
143,措备,2025-11-24,11.1,6.4,18.9,
143,措备,2025-11-25,7.6,3.7,12.5,.1
143,措备,2025-11-26,7.7,2.7,13.1,
143,措备,2025-11-27,7.8,3.3,12.9,0
143,措备,2025-11-28,5.2,.1,10,
143,措备,2025-11-29,5,-2.7,14.2,
143,措备,2025-11-30,9.8,2,20.2,
143,措备,2025-12-01,8.8,2.9,14.3,
143,措备,2025-12-02,5.5,1,9.7,
143,措备,2025-12-03,-.8,-3.1,3,
143,措备,2025-12-04,.1,-4.2,5,
143,措备,2025-12-05,1.2,-1.9,5.4,0
143,措备,2025-12-06,2.1,-5.1,11.2,
143,措备,2025-12-07,6.5,-1.2,15.6,
143,措备,2025-12-08,7.1,3.2,10.7,
143,措备,2025-12-09,4.5,1.1,9.2,
143,措备,2025-12-10,4.9,-.2,11,
143,措备,2025-12-11,7.3,3.7,13.1,.3
143,措备,2025-12-12,3.5,-1.2,7.9,
143,措备,2025-12-13,4.2,-.5,9.4,6.1
143,措备,2025-12-14,3.2,1.1,5.7,
143,措备,2025-12-15,3.5,-.1,9.2,
143,措备,2025-12-16,3.4,-2.4,7.6,
143,措备,2025-12-17,6.7,2.1,10.4,
143,措备,2025-12-18,3.6,-2.1,11.9,
143,措备,2025-12-19,4.1,-2.6,12.2,
143,措备,2025-12-20,8.2,1.4,13.9,0
143,措备,2025-12-21,3.1,.1,10.9,
143,措备,2025-12-22,1.1,-5.7,8.3,
143,措备,2025-12-23,3.1,-3,7.9,.7
143,措备,2025-12-24,5.6,4.2,7.7,1.7
143,措备,2025-12-25,.9,-4,4.5,
143,措备,2025-12-26,-4.2,-7.5,-.7,
143,措备,2025-12-27,.2,-4.6,5.8,
143,措备,2025-12-28,2.4,-2.6,8.8,
143,措备,2025-12-29,5.8,-.9,12.7,0
143,措备,2025-12-30,3.5,-.1,7.4,
143,措备,2025-12-31,-1.3,-4.5,1.8,
143,措备,2026-01-01,-3.8,-6.3,-.6,
143,措备,2026-01-02,-4.3,-7.9,-.3,
143,措备,2026-01-03,-.9,-5.9,5.1,
143,措备,2026-01-04,3.4,-1.7,8.8,
143,措备,2026-01-05,2.8,-1.1,6.4,
143,措备,2026-01-06,2.3,-2.1,8.2,
143,措备,2026-01-07,2.3,-2.6,8.4,
143,措备,2026-01-08,-1.6,-4.7,2.9,
143,措备,2026-01-09,.4,-5.9,7.7,
143,措备,2026-01-10,3.4,-2.4,11.9,0
143,措备,2026-01-11,-2.4,-5.7,.5,
143,措备,2026-01-12,-1.8,-8.8,5.3,0
143,措备,2026-01-13,2.3,-2.2,5.9,0
143,措备,2026-01-14,.4,-5.4,7.4,
143,措备,2026-01-15,7.8,-1,18,0
143,措备,2026-01-16,6.6,-.9,15.8,
143,措备,2026-01-17,5.5,.6,12.6,
143,措备,2026-01-18,4.7,-2.7,13,
143,措备,2026-01-19,2.6,-2.9,6.1,
143,措备,2026-01-20,-1.8,-4.9,4.3,
143,措备,2026-01-21,-4.6,-7.3,-.8,
143,措备,2026-01-22,-5.1,-8.5,-1.1,
143,措备,2026-01-23,-1.6,-6.4,3.7,
143,措备,2026-01-24,-1.2,-4.3,2.6,0
143,措备,2026-01-25,-1.3,-4.9,4.1,
143,措备,2026-01-26,-1.3,-8.1,4,
143,措备,2026-01-27,.8,-1.8,4.8,
143,措备,2026-01-28,-1.2,-4.7,3.3,
143,措备,2026-01-29,-.4,-3.6,4.3,
143,措备,2026-01-30,-2.1,-5.6,2.3,
143,措备,2026-01-31,-.6,-7,5.4,
143,措备,2026-02-01,-.3,-3.9,5,
143,措备,2026-02-02,-1.5,-6,2.7,.7
143,措备,2026-02-03,1.2,-5.4,8.7,
143,措备,2026-02-04,3,-3.3,10.4,
143,措备,2026-02-05,6.1,-1.6,14,
143,措备,2026-02-06,2.9,.1,7.2,
143,措备,2026-02-07,-2.3,-5.8,1.5,
143,措备,2026-02-08,-5,-9.3,-.6,
143,措备,2026-02-09,.4,-5.8,8.5,
143,措备,2026-02-10,2.8,-3.1,7.2,
143,措备,2026-02-11,5.1,1.2,9.7,
143,措备,2026-02-12,4.6,-.6,11.4,
143,措备,2026-02-13,5.2,-2.6,14.3,
143,措备,2026-02-14,6.6,-.4,14.5,
143,措备,2026-02-15,8.4,1.1,16.9,
143,措备,2026-02-16,5.7,2.9,10.6,
143,措备,2026-02-17,5.2,-.6,12.2,
143,措备,2026-02-18,4.9,-1.4,11.9,
143,措备,2026-02-19,4.2,-4.6,12.8,
143,措备,2026-02-20,6.6,-1.6,15.8,
143,措备,2026-02-21,9.2,-.5,19.7,
143,措备,2026-02-22,11.6,4.9,22.3,
143,措备,2026-02-23,6.2,1.8,12.1,
143,措备,2026-02-24,2.1,.3,5.6,16.1
143,措备,2026-02-25,6.1,1,11,
143,措备,2026-02-26,8.3,6.5,10.6,
143,措备,2026-02-27,7.7,6.3,9.5,1.4
143,措备,2026-02-28,6.5,.5,10.5,
143,措备,2026-03-01,8.1,6.7,9.6,
143,措备,2026-03-02,6.7,4.2,8.1,20.5
143,措备,2026-03-03,7.4,4.4,12.4,.1
143,措备,2026-03-04,7.9,2,14,
143,措备,2026-03-05,8,1,15,.1
143,措备,2026-03-06,6,1.9,9.6,.6
143,措备,2026-03-07,3.7,.1,8.8,
143,措备,2026-03-08,4.7,-3.8,12.2,
143,措备,2026-03-09,5.1,1.9,9.1,
143,措备,2026-03-10,5,-2.1,12.5,
143,措备,2026-03-11,6.7,-.6,14.2,
143,措备,2026-03-12,6.9,1.5,12.3,.4
143,措备,2026-03-13,5.6,1.9,10,
143,措备,2026-03-14,6.7,-1.7,14.8,
143,措备,2026-03-15,7.8,4.6,11.1,
143,措备,2026-03-16,9,2.1,16.4,
143,措备,2026-03-17,10.8,3.3,18.8,
143,措备,2026-03-18,8.6,6.8,10.7,5.1
143,措备,2026-03-19,9.6,4.4,15.7,
143,措备,2026-03-20,10.1,4.1,17.5,
143,措备,2026-03-21,10.5,2,19.3,
143,措备,2026-03-22,11.2,6.1,19.4,
143,措备,2026-03-23,11.1,3.7,19.5,
143,措备,2026-03-24,11.4,3.9,19,
143,措备,2026-03-25,12.6,9.5,18.4,0
143,措备,2026-03-26,14,5,23.8,
143,措备,2026-03-27,16,6.4,24.8,
143,措备,2026-03-28,15.5,10.5,23.5,
143,措备,2026-03-29,14.5,7.2,22.8,
143,措备,2026-03-30,13,9.3,19.3,9.4
143,措备,2026-03-31,12.9,10.4,15.8,17.3
143,措备,2026-04-01,13.1,10.1,17,.2
143,措备,2026-04-02,14.4,8.2,20.7,
143,措备,2026-04-03,15,6.7,23.5,.4
143,措备,2026-04-04,14,10.7,19,36.3
143,措备,2026-04-05,14.2,8.4,20.9,
143,措备,2026-04-06,11.5,9.5,14.1,11.5
143,措备,2026-04-07,10.4,6.2,15.4,
143,措备,2026-04-08,12,2.1,20.9,
143,措备,2026-04-09,12.6,9.3,15.4,6.3
143,措备,2026-04-10,16.4,12.6,20.9,0
143,措备,2026-04-11,16.8,9.5,24.9,
143,措备,2026-04-12,16.9,8.9,23.3,
143,措备,2026-04-13,17.6,10.9,24.3,
143,措备,2026-04-14,14.7,12.7,17.5,0
143,措备,2026-04-15,16.5,9.3,27.3,
143,措备,2026-04-16,14.4,9.1,20.2,
143,措备,2026-04-17,12.5,10.7,14.4,7.8
143,措备,2026-04-18,17.3,12.8,23.5,5.8
143,措备,2026-04-19,19.4,13.6,26.3,
143,措备,2026-04-20,17.2,10.3,25.4,0
143,措备,2026-04-21,16.1,7.5,24.3,
143,措备,2026-04-22,15.5,12.4,20.3,0
143,措备,2026-04-23,14.6,10.2,20.9,
143,措备,2026-04-24,14.1,6.6,21.4,
143,措备,2026-04-25,16.4,5.9,26.2,
143,措备,2026-04-26,18.6,8.6,27.2,
143,措备,2026-04-27,19.8,12.2,27.9,
143,措备,2026-04-28,17.4,12.7,23.1,
143,措备,2026-04-29,15.3,11.3,19.2,
143,措备,2026-04-30,15.3,11.9,20.2,0
143,措备,2026-05-01,16.4,9.8,24.6,5.1
143,措备,2026-05-02,19.9,11.8,27.5,0
143,措备,2026-05-03,14.6,12.1,19.2,7.6
143,措备,2026-05-04,15.7,10.9,21.1,
143,措备,2026-05-05,16.2,6.4,25.1,
143,措备,2026-05-06,18.7,9,27.4,
143,措备,2026-05-07,20.4,12.6,27.8,
143,措备,2026-05-08,17.4,13,22.3,.5
143,措备,2026-05-09,17.1,7.9,25.1,
143,措备,2026-05-10,18.8,10,27.2,
143,措备,2026-05-11,20.1,11.1,27.3,
143,措备,2026-05-12,18.9,15.2,24.4,.6
143,措备,2026-05-13,20.9,13,28.5,
143,措备,2026-05-14,19.9,15.2,25.2,
143,措备,2026-05-15,21.8,14,29.4,
143,措备,2026-05-16,24.1,13.7,33.2,
143,措备,2026-05-17,25.7,15.9,34.1,
143,措备,2026-05-18,25.3,16.1,34.7,
143,措备,2026-05-19,23.9,16.5,30.9,
143,措备,2026-05-20,15.6,14.9,21.9,57
143,措备,2026-05-21,17.5,15.7,19.7,2.9
143,措备,2026-05-22,18.4,16,22.1,
143,措备,2026-05-23,17.5,15.5,20.1,.1
143,措备,2026-05-24,20.4,12.9,27.1,
143,措备,2026-05-25,24.2,16.9,31.8,
143,措备,2026-05-26,23.9,19.9,30.1,1.5
143,措备,2026-05-27,20.4,19.3,21.9,6.4
143,措备,2026-05-28,23.3,18.9,28.1,
143,措备,2026-05-29,23.2,19.2,28.3,
143,措备,2026-05-30,24.3,15.3,31.7,
143,措备,2026-05-31,25.4,15.8,33.7,
143,措备,2026-06-01,24.8,16.9,32.2,
143,措备,2026-06-02,21.2,19.5,23.9,7.6
143,措备,2026-06-03,23.6,17.3,29.8,
143,措备,2026-06-04,24.1,20.2,28.9,
143,措备,2026-06-05,23.4,18.8,27.3,
143,措备,2026-06-06,22.1,14.7,28.3,
143,措备,2026-06-07,20.8,18.5,22.9,0
143,措备,2026-06-08,20.4,18,24.5,3.5
143,措备,2026-06-09,21.6,15.6,27.6,
143,措备,2026-06-10,23.4,16.6,29.2,
143,措备,2026-06-11,23.1,15.9,28.7,
143,措备,2026-06-12,24.2,17.6,30.8,
143,措备,2026-06-13,25.3,17,32.7,
143,措备,2026-06-14,24.4,18.8,31.7,
143,措备,2026-06-15,24.4,18.1,30.4,
143,措备,2026-06-16,24.3,17.9,30.8,
143,措备,2026-06-17,26.1,19.6,32.9,
143,措备,2026-06-18,27.1,22.3,33.1,.1
143,措备,2026-06-19,25.7,22.7,30.3,4.9
143,措备,2026-06-20,25.9,22.2,31.3,17
143,措备,2026-06-21,24.5,20.7,29.1,
143,措备,2026-06-22,20.7,18.9,23.1,
143,措备,2026-06-23,19.8,17.8,22.7,
143,措备,2026-06-24,20.8,19,23,
143,措备,2026-06-25,21.6,19.5,24.8,
143,措备,2026-06-26,23.1,19,30.3,0
143,措备,2026-06-27,22.2,16.4,28.8,
143,措备,2026-06-28,23.6,15.4,31.8,
143,措备,2026-06-29,24.5,18.4,31.2,
143,措备,2026-06-30,25.3,20.1,31.8,
143,措备,2026-07-01,21.3,20,22.6,7
143,措备,2026-07-02,24.6,19.8,29.2,0
143,措备,2026-07-03,26,22.1,30.1,.2
143,措备,2026-07-04,26.6,23.2,31.7,
143,措备,2026-07-05,26,23,30.6,1.5
143,措备,2026-07-06,28.1,23.9,33.4,0
143,措备,2026-07-07,28,24.7,33.4,1.4
143,措备,2026-07-08,28.6,25.1,32.5,0
143,措备,2026-07-09,27.7,25.3,31,1.1
143,措备,2026-07-10,29.3,24.2,35,0
143,措备,2026-07-11,30.7,23.7,37.3,
143,措备,2026-07-12,30.4,25.3,35.8,
143,措备,2026-07-13,30.9,27.1,35.1,
143,措备,2026-07-14,30.1,27,34.3,
143,措备,2026-07-15,31.4,27.7,36.4,.2
143,措备,2026-07-16,29.4,26,34.1,
143,措备,2026-07-17,27.6,21.9,35.6,116.6
143,措备,2026-07-18,27.2,21.9,31.7,.3
143,措备,2026-07-19,25.6,22.5,29.2,3.7
143,措备,2026-07-20,28.8,24.2,34.4,0
143,措备,2026-07-21,30,25.3,35.1,
143,措备,2026-07-22,30.5,25.9,35.6,
143,措备,2026-07-23,30.6,25.6,36,
143,措备,2026-07-24,31.5,26.2,37.2,
143,措备,2026-07-25,31.1,27,36,
143,措备,2026-07-26,30.8,26.3,36.8,
143,措备,2026-07-27,31.1,24.8,38.1,
143,措备,2026-07-28,31.2,28,35.1,
143,措备,2026-07-29,31,28,35.3,
143,措备,2026-07-30,30.4,26.9,34.2,
143,措备,2026-07-31,31.3,26.1,36.3,
143,措备,2026-08-01,32.5,27.7,37.4,
143,措备,2026-08-02,32.9,28.8,38.7,
143,措备,2026-08-03,31.9,26.6,39.6,
143,措备,2026-08-04,30,27.4,34.2,
143,措备,2026-08-05,29.8,26.2,35.4,
143,措备,2026-08-06,29.7,25,35.8,
143,措备,2026-08-07,30.6,24.9,37.4,
143,措备,2026-08-08,28.6,26.6,33.7,0
143,措备,2026-08-09,27.5,25.6,31.7,0
143,措备,2026-08-10,26.1,23.3,29.6,0
143,措备,2026-08-11,24.8,21.7,29.1,
143,措备,2026-08-12,24.7,18.8,28.2,
143,措备,2026-08-13,27.3,22.3,31.4,
143,措备,2026-08-14,28.9,23.3,35.5,
143,措备,2026-08-15,27.7,24.3,32.9,.3
143,措备,2026-08-16,22.7,21.4,24.6,65.1
143,措备,2026-08-17,24.6,21.8,29.2,4.3
143,措备,2026-08-18,27.7,24.1,33.8,
143,措备,2026-08-19,27,25.7,29.4,.9
143,措备,2026-08-20,28.4,24.9,33.9,0
143,措备,2026-08-21,26.7,23.9,32.4,4.7
143,措备,2026-08-22,27.5,23.6,33.2,
143,措备,2026-08-23,29.2,23.3,35.2,
143,措备,2026-08-24,30.6,24.7,35.8,
143,措备,2026-08-25,30.4,25.5,35.3,
143,措备,2026-08-26,30.1,24.5,36.9,
143,措备,2026-08-27,27.7,25,34.1,28.7
143,措备,2026-08-28,25.7,25,27.5,18.7
143,措备,2026-08-29,26.6,25,30.3,3
143,措备,2026-08-30,25.9,23.2,31.8,45.3
143,措备,2026-08-31,27.4,23.5,32.3,.1
143,措备,2026-09-01,27.4,23.3,32.3,
143,措备,2026-09-02,27.1,24.2,32.6,.2
143,措备,2026-09-03,25.7,23.9,28.8,.1
143,措备,2026-09-04,24.6,21.3,28,
143,措备,2026-09-05,24,20.8,27.6,
143,措备,2026-09-06,24.5,20.9,28.2,
143,措备,2026-09-07,23.6,19.6,29.1,
143,措备,2026-09-08,22.3,16.2,28.5,
143,措备,2026-09-09,21.2,17.5,24.2,
143,措备,2026-09-10,20.1,14.3,24.8,
143,措备,2026-09-11,22.7,18.4,28.4,.1
143,措备,2026-09-12,23.2,17.2,29.9,
143,措备,2026-09-13,24.2,17.6,31.3,
