adm_nm,year,stock,closed,opened,rate
군위군 군위읍,2016,133,6,12,0.045
군위군 군위읍,2017,139,3,7,0.022
군위군 군위읍,2018,143,7,7,0.049
군위군 군위읍,2019,143,5,4,0.035
군위군 군위읍,2020,142,2,6,0.014
군위군 군위읍,2021,146,10,7,0.068
군위군 군위읍,2022,143,4,11,0.028
군위군 군위읍,2023,150,8,14,0.053
군위군 군위읍,2024,156,14,5,0.09
군위군 군위읍,2025,147,4,5,0.027
군위군 부계면,2016,95,2,5,0.021
군위군 부계면,2017,98,6,2,0.061
군위군 부계면,2018,94,6,1,0.064
군위군 부계면,2019,89,1,2,0.011
군위군 부계면,2020,90,3,1,0.033
군위군 부계면,2021,88,11,5,0.125
군위군 부계면,2022,82,2,2,0.024
군위군 부계면,2023,82,2,1,0.024
군위군 부계면,2024,81,6,3,0.074
군위군 부계면,2025,78,2,1,0.026
군위군 산성면,2016,11,1,0,0.091
군위군 산성면,2017,10,0,4,0.0
군위군 산성면,2018,14,1,2,0.071
군위군 산성면,2019,15,0,1,0.0
군위군 산성면,2020,16,3,2,0.188
군위군 산성면,2021,15,0,2,0.0
군위군 산성면,2022,17,1,1,0.059
군위군 산성면,2023,17,0,0,0.0
군위군 산성면,2024,17,1,0,0.059
군위군 산성면,2025,16,0,0,0.0
군위군 삼국유사면,2016,15,0,1,0.0
군위군 삼국유사면,2017,16,0,2,0.0
군위군 삼국유사면,2018,18,0,0,0.0
군위군 삼국유사면,2019,18,1,0,0.056
군위군 삼국유사면,2020,17,1,0,0.059
군위군 삼국유사면,2021,16,1,0,0.062
군위군 삼국유사면,2022,15,1,1,0.067
군위군 삼국유사면,2023,15,0,1,0.0
군위군 삼국유사면,2024,16,1,3,0.062
군위군 삼국유사면,2025,18,1,0,0.056
군위군 소보면,2016,17,0,1,0.0
군위군 소보면,2017,18,0,0,0.0
군위군 소보면,2018,18,1,0,0.056
군위군 소보면,2019,17,0,0,0.0
군위군 소보면,2020,17,1,1,0.059
군위군 소보면,2021,17,0,0,0.0
군위군 소보면,2022,17,1,3,0.059
군위군 소보면,2023,19,0,0,0.0
군위군 소보면,2024,19,2,0,0.105
군위군 소보면,2025,17,1,0,0.059
군위군 우보면,2016,13,0,1,0.0
군위군 우보면,2017,14,1,1,0.071
군위군 우보면,2018,14,0,0,0.0
군위군 우보면,2019,14,1,0,0.071
군위군 우보면,2020,13,0,2,0.0
군위군 우보면,2021,15,2,1,0.133
군위군 우보면,2022,14,1,0,0.071
군위군 우보면,2023,13,0,0,0.0
군위군 우보면,2024,13,0,0,0.0
군위군 우보면,2025,13,0,0,0.0
군위군 의흥면,2016,27,0,2,0.0
군위군 의흥면,2017,29,2,1,0.069
군위군 의흥면,2018,28,0,1,0.0
군위군 의흥면,2019,29,4,3,0.138
군위군 의흥면,2020,28,2,2,0.071
군위군 의흥면,2021,28,2,2,0.071
군위군 의흥면,2022,28,2,0,0.071
군위군 의흥면,2023,26,3,0,0.115
군위군 의흥면,2024,23,9,9,0.391
군위군 의흥면,2025,23,0,1,0.0
군위군 효령면,2016,37,0,1,0.0
군위군 효령면,2017,38,3,1,0.079
군위군 효령면,2018,36,1,2,0.028
군위군 효령면,2019,37,5,5,0.135
군위군 효령면,2020,37,1,4,0.027
군위군 효령면,2021,40,2,1,0.05
군위군 효령면,2022,39,1,2,0.026
군위군 효령면,2023,40,1,2,0.025
군위군 효령면,2024,41,3,1,0.073
군위군 효령면,2025,39,0,0,0.0
남구 대명10동,2016,186,11,12,0.059
남구 대명10동,2017,187,14,9,0.075
남구 대명10동,2018,182,23,14,0.126
남구 대명10동,2019,173,9,13,0.052
남구 대명10동,2020,177,13,10,0.073
남구 대명10동,2021,174,19,9,0.109
남구 대명10동,2022,164,10,6,0.061
남구 대명10동,2023,160,11,13,0.069
남구 대명10동,2024,162,7,13,0.043
남구 대명10동,2025,168,5,5,0.03
남구 대명11동,2016,134,11,11,0.082
남구 대명11동,2017,134,10,7,0.075
남구 대명11동,2018,131,15,13,0.115
남구 대명11동,2019,129,11,9,0.085
남구 대명11동,2020,127,12,15,0.094
남구 대명11동,2021,130,7,10,0.054
남구 대명11동,2022,133,11,6,0.083
남구 대명11동,2023,128,10,9,0.078
남구 대명11동,2024,127,20,17,0.157
남구 대명11동,2025,124,5,7,0.04
남구 대명1동,2016,80,5,4,0.062
남구 대명1동,2017,79,9,6,0.114
남구 대명1동,2018,76,2,8,0.026
남구 대명1동,2019,82,8,10,0.098
남구 대명1동,2020,84,11,7,0.131
남구 대명1동,2021,80,8,14,0.1
남구 대명1동,2022,86,6,11,0.07
남구 대명1동,2023,91,7,7,0.077
남구 대명1동,2024,91,11,5,0.121
남구 대명1동,2025,85,5,2,0.059
남구 대명2동,2016,196,14,19,0.071
남구 대명2동,2017,201,9,15,0.045
남구 대명2동,2018,207,18,21,0.087
남구 대명2동,2019,210,19,24,0.09
남구 대명2동,2020,215,17,14,0.079
남구 대명2동,2021,212,20,12,0.094
남구 대명2동,2022,204,20,30,0.098
남구 대명2동,2023,214,16,16,0.075
남구 대명2동,2024,214,19,16,0.089
남구 대명2동,2025,211,10,9,0.047
남구 대명3동,2016,297,23,28,0.077
남구 대명3동,2017,302,34,25,0.113
남구 대명3동,2018,293,24,33,0.082
남구 대명3동,2019,302,21,21,0.07
남구 대명3동,2020,302,34,33,0.113
남구 대명3동,2021,301,40,37,0.133
남구 대명3동,2022,298,31,32,0.104
남구 대명3동,2023,299,21,27,0.07
남구 대명3동,2024,305,34,18,0.111
남구 대명3동,2025,289,11,10,0.038
남구 대명4동,2016,168,8,13,0.048
남구 대명4동,2017,173,13,17,0.075
남구 대명4동,2018,177,17,11,0.096
남구 대명4동,2019,171,12,21,0.07
남구 대명4동,2020,180,18,22,0.1
남구 대명4동,2021,184,26,13,0.141
남구 대명4동,2022,171,20,21,0.117
남구 대명4동,2023,172,12,8,0.07
남구 대명4동,2024,168,19,12,0.113
남구 대명4동,2025,161,4,3,0.025
남구 대명5동,2016,187,8,14,0.043
남구 대명5동,2017,193,16,14,0.083
남구 대명5동,2018,191,17,15,0.089
남구 대명5동,2019,189,9,14,0.048
남구 대명5동,2020,194,20,16,0.103
남구 대명5동,2021,190,22,19,0.116
남구 대명5동,2022,187,11,7,0.059
남구 대명5동,2023,183,15,12,0.082
남구 대명5동,2024,180,15,12,0.083
남구 대명5동,2025,177,3,3,0.017
남구 대명6동,2016,83,9,15,0.108
남구 대명6동,2017,89,5,10,0.056
남구 대명6동,2018,94,9,9,0.096
남구 대명6동,2019,94,10,12,0.106
남구 대명6동,2020,96,18,11,0.188
남구 대명6동,2021,89,15,27,0.169
남구 대명6동,2022,101,13,9,0.129
남구 대명6동,2023,97,13,20,0.134
남구 대명6동,2024,104,12,7,0.115
남구 대명6동,2025,99,8,5,0.081
남구 대명9동,2016,221,22,25,0.1
남구 대명9동,2017,224,20,24,0.089
남구 대명9동,2018,228,20,23,0.088
남구 대명9동,2019,231,19,19,0.082
남구 대명9동,2020,231,29,21,0.126
남구 대명9동,2021,223,14,16,0.063
남구 대명9동,2022,225,19,12,0.084
남구 대명9동,2023,218,15,22,0.069
남구 대명9동,2024,225,22,13,0.098
남구 대명9동,2025,216,3,5,0.014
남구 봉덕1동,2016,149,14,9,0.094
남구 봉덕1동,2017,144,15,11,0.104
남구 봉덕1동,2018,140,18,18,0.129
남구 봉덕1동,2019,140,20,23,0.143
남구 봉덕1동,2020,143,18,20,0.126
남구 봉덕1동,2021,145,16,20,0.11
남구 봉덕1동,2022,149,8,9,0.054
남구 봉덕1동,2023,150,6,7,0.04
남구 봉덕1동,2024,151,15,12,0.099
남구 봉덕1동,2025,148,6,9,0.041
남구 봉덕2동,2016,134,4,8,0.03
남구 봉덕2동,2017,138,9,13,0.065
남구 봉덕2동,2018,142,11,8,0.077
남구 봉덕2동,2019,139,14,7,0.101
남구 봉덕2동,2020,132,6,10,0.045
남구 봉덕2동,2021,136,14,13,0.103
남구 봉덕2동,2022,135,19,6,0.141
남구 봉덕2동,2023,122,3,7,0.025
남구 봉덕2동,2024,126,13,4,0.103
남구 봉덕2동,2025,117,5,4,0.043
남구 봉덕3동,2016,215,18,19,0.084
남구 봉덕3동,2017,216,24,26,0.111
남구 봉덕3동,2018,218,36,16,0.165
남구 봉덕3동,2019,198,20,12,0.101
남구 봉덕3동,2020,190,24,23,0.126
남구 봉덕3동,2021,189,12,21,0.063
남구 봉덕3동,2022,198,18,14,0.091
남구 봉덕3동,2023,194,22,27,0.113
남구 봉덕3동,2024,199,35,33,0.176
남구 봉덕3동,2025,197,22,22,0.112
남구 이천동,2016,89,5,14,0.056
남구 이천동,2017,98,6,10,0.061
남구 이천동,2018,102,5,13,0.049
남구 이천동,2019,110,8,14,0.073
남구 이천동,2020,116,11,7,0.095
남구 이천동,2021,112,10,15,0.089
남구 이천동,2022,117,14,12,0.12
남구 이천동,2023,115,8,10,0.07
남구 이천동,2024,117,15,5,0.128
남구 이천동,2025,107,5,5,0.047
달서구 감삼동,2016,317,27,36,0.085
달서구 감삼동,2017,326,12,18,0.037
달서구 감삼동,2018,332,31,31,0.093
달서구 감삼동,2019,332,26,23,0.078
달서구 감삼동,2020,329,32,35,0.097
달서구 감삼동,2021,332,31,30,0.093
달서구 감삼동,2022,331,29,47,0.088
달서구 감삼동,2023,349,37,50,0.106
달서구 감삼동,2024,362,51,31,0.141
달서구 감삼동,2025,342,23,21,0.067
달서구 도원동,2016,170,18,14,0.106
달서구 도원동,2017,166,5,13,0.03
달서구 도원동,2018,174,11,6,0.063
달서구 도원동,2019,169,11,14,0.065
달서구 도원동,2020,172,9,13,0.052
달서구 도원동,2021,176,10,10,0.057
달서구 도원동,2022,176,16,16,0.091
달서구 도원동,2023,176,13,10,0.074
달서구 도원동,2024,173,13,13,0.075
달서구 도원동,2025,173,8,6,0.046
"달서구 두류1,2동",2016,225,17,18,0.076
"달서구 두류1,2동",2017,226,15,13,0.066
"달서구 두류1,2동",2018,224,17,22,0.076
"달서구 두류1,2동",2019,229,14,17,0.061
"달서구 두류1,2동",2020,232,12,19,0.052
"달서구 두류1,2동",2021,239,21,16,0.088
"달서구 두류1,2동",2022,234,18,19,0.077
"달서구 두류1,2동",2023,235,16,17,0.068
"달서구 두류1,2동",2024,236,19,15,0.081
"달서구 두류1,2동",2025,232,15,7,0.065
달서구 두류3동,2016,262,60,61,0.229
달서구 두류3동,2017,263,44,69,0.167
달서구 두류3동,2018,288,46,49,0.16
달서구 두류3동,2019,291,47,52,0.162
달서구 두류3동,2020,296,23,22,0.078
달서구 두류3동,2021,295,16,15,0.054
달서구 두류3동,2022,294,51,46,0.173
달서구 두류3동,2023,289,57,52,0.197
달서구 두류3동,2024,284,65,47,0.229
달서구 두류3동,2025,266,6,44,0.023
달서구 본동,2016,188,13,12,0.069
달서구 본동,2017,187,10,8,0.053
달서구 본동,2018,185,13,7,0.07
달서구 본동,2019,179,12,14,0.067
달서구 본동,2020,181,10,12,0.055
달서구 본동,2021,183,22,13,0.12
달서구 본동,2022,174,15,12,0.086
달서구 본동,2023,171,18,12,0.105
달서구 본동,2024,165,18,5,0.109
달서구 본동,2025,152,8,4,0.053
달서구 본리동,2016,224,11,15,0.049
달서구 본리동,2017,228,8,19,0.035
달서구 본리동,2018,239,12,19,0.05
달서구 본리동,2019,246,17,20,0.069
달서구 본리동,2020,249,23,21,0.092
달서구 본리동,2021,247,17,17,0.069
달서구 본리동,2022,247,18,12,0.073
달서구 본리동,2023,241,30,21,0.124
달서구 본리동,2024,232,26,25,0.112
달서구 본리동,2025,231,15,9,0.065
달서구 상인1동,2016,229,21,22,0.092
달서구 상인1동,2017,230,23,12,0.1
달서구 상인1동,2018,219,16,18,0.073
달서구 상인1동,2019,221,15,18,0.068
달서구 상인1동,2020,224,24,30,0.107
달서구 상인1동,2021,230,32,21,0.139
달서구 상인1동,2022,219,20,27,0.091
달서구 상인1동,2023,226,32,21,0.142
달서구 상인1동,2024,215,40,19,0.186
달서구 상인1동,2025,194,19,9,0.098
달서구 상인2동,2016,404,30,49,0.074
달서구 상인2동,2017,423,38,53,0.09
달서구 상인2동,2018,438,27,59,0.062
달서구 상인2동,2019,470,38,59,0.081
달서구 상인2동,2020,491,41,42,0.084
달서구 상인2동,2021,492,36,44,0.073
달서구 상인2동,2022,500,30,35,0.06
달서구 상인2동,2023,505,48,36,0.095
달서구 상인2동,2024,493,52,32,0.105
달서구 상인2동,2025,473,36,16,0.076
달서구 상인3동,2016,124,6,5,0.048
달서구 상인3동,2017,123,7,5,0.057
달서구 상인3동,2018,121,12,11,0.099
달서구 상인3동,2019,120,9,10,0.075
달서구 상인3동,2020,121,8,6,0.066
달서구 상인3동,2021,119,12,4,0.101
달서구 상인3동,2022,111,9,5,0.081
달서구 상인3동,2023,107,12,7,0.112
달서구 상인3동,2024,102,20,6,0.196
달서구 상인3동,2025,88,4,4,0.045
달서구 성당동,2016,275,22,17,0.08
달서구 성당동,2017,270,23,40,0.085
달서구 성당동,2018,287,38,41,0.132
달서구 성당동,2019,290,50,57,0.172
달서구 성당동,2020,297,25,24,0.084
달서구 성당동,2021,296,20,19,0.068
달서구 성당동,2022,295,33,35,0.112
달서구 성당동,2023,297,31,30,0.104
달서구 성당동,2024,296,58,26,0.196
달서구 성당동,2025,264,17,5,0.064
달서구 송현1동,2016,219,19,16,0.087
달서구 송현1동,2017,216,18,21,0.083
달서구 송현1동,2018,219,21,15,0.096
달서구 송현1동,2019,213,22,17,0.103
달서구 송현1동,2020,208,14,21,0.067
달서구 송현1동,2021,215,25,17,0.116
달서구 송현1동,2022,207,18,11,0.087
달서구 송현1동,2023,200,20,22,0.1
달서구 송현1동,2024,202,42,16,0.208
달서구 송현1동,2025,176,5,3,0.028
달서구 송현2동,2016,335,13,19,0.039
달서구 송현2동,2017,341,27,26,0.079
달서구 송현2동,2018,340,34,22,0.1
달서구 송현2동,2019,328,38,22,0.116
달서구 송현2동,2020,312,29,25,0.093
달서구 송현2동,2021,308,26,21,0.084
달서구 송현2동,2022,303,26,15,0.086
달서구 송현2동,2023,292,31,29,0.106
달서구 송현2동,2024,290,41,12,0.141
달서구 송현2동,2025,261,10,8,0.038
달서구 신당동,2016,670,38,52,0.057
달서구 신당동,2017,684,39,55,0.057
달서구 신당동,2018,700,47,78,0.067
달서구 신당동,2019,731,46,67,0.063
달서구 신당동,2020,752,53,78,0.07
달서구 신당동,2021,777,52,57,0.067
달서구 신당동,2022,782,39,54,0.05
달서구 신당동,2023,797,60,52,0.075
달서구 신당동,2024,789,93,48,0.118
달서구 신당동,2025,744,34,20,0.046
달서구 용산1동,2016,240,12,14,0.05
달서구 용산1동,2017,242,10,14,0.041
달서구 용산1동,2018,246,13,15,0.053
달서구 용산1동,2019,248,14,20,0.056
달서구 용산1동,2020,254,11,22,0.043
달서구 용산1동,2021,265,22,24,0.083
달서구 용산1동,2022,267,17,19,0.064
달서구 용산1동,2023,269,20,19,0.074
달서구 용산1동,2024,268,25,12,0.093
달서구 용산1동,2025,255,5,10,0.02
달서구 용산2동,2016,170,8,11,0.047
달서구 용산2동,2017,173,9,9,0.052
달서구 용산2동,2018,173,10,9,0.058
달서구 용산2동,2019,172,8,10,0.047
달서구 용산2동,2020,174,13,17,0.075
달서구 용산2동,2021,178,20,12,0.112
달서구 용산2동,2022,170,6,7,0.035
달서구 용산2동,2023,171,14,12,0.082
달서구 용산2동,2024,169,23,12,0.136
달서구 용산2동,2025,158,7,2,0.044
달서구 월성1동,2016,185,16,81,0.086
달서구 월성1동,2017,250,12,65,0.048
달서구 월성1동,2018,303,21,54,0.069
달서구 월성1동,2019,336,30,60,0.089
달서구 월성1동,2020,366,41,29,0.112
달서구 월성1동,2021,354,51,63,0.144
달서구 월성1동,2022,366,42,42,0.115
달서구 월성1동,2023,366,54,55,0.148
달서구 월성1동,2024,367,46,48,0.125
달서구 월성1동,2025,369,22,15,0.06
달서구 월성2동,2016,65,7,3,0.108
달서구 월성2동,2017,61,5,4,0.082
달서구 월성2동,2018,60,5,5,0.083
달서구 월성2동,2019,60,3,2,0.05
달서구 월성2동,2020,59,6,2,0.102
달서구 월성2동,2021,55,3,7,0.055
달서구 월성2동,2022,59,7,5,0.119
달서구 월성2동,2023,57,3,2,0.053
달서구 월성2동,2024,56,7,1,0.125
달서구 월성2동,2025,50,4,4,0.08
달서구 유천동,2016,55,3,18,0.055
달서구 유천동,2017,70,2,27,0.029
달서구 유천동,2018,95,7,16,0.074
달서구 유천동,2019,104,6,22,0.058
달서구 유천동,2020,120,14,13,0.117
달서구 유천동,2021,119,19,13,0.16
달서구 유천동,2022,113,17,16,0.15
달서구 유천동,2023,112,12,18,0.107
달서구 유천동,2024,118,14,18,0.119
달서구 유천동,2025,122,11,9,0.09
달서구 이곡1동,2016,215,11,17,0.051
달서구 이곡1동,2017,221,12,15,0.054
달서구 이곡1동,2018,224,9,18,0.04
달서구 이곡1동,2019,233,18,20,0.077
달서구 이곡1동,2020,235,18,31,0.077
달서구 이곡1동,2021,248,21,18,0.085
달서구 이곡1동,2022,245,26,18,0.106
달서구 이곡1동,2023,237,23,15,0.097
달서구 이곡1동,2024,229,28,11,0.122
달서구 이곡1동,2025,212,9,5,0.042
달서구 이곡2동,2016,234,14,14,0.06
달서구 이곡2동,2017,234,10,12,0.043
달서구 이곡2동,2018,236,14,15,0.059
달서구 이곡2동,2019,237,12,14,0.051
달서구 이곡2동,2020,239,9,20,0.038
달서구 이곡2동,2021,250,21,23,0.084
달서구 이곡2동,2022,252,13,15,0.052
달서구 이곡2동,2023,254,19,12,0.075
달서구 이곡2동,2024,247,25,18,0.101
달서구 이곡2동,2025,240,17,6,0.071
달서구 장기동,2016,185,5,11,0.027
달서구 장기동,2017,191,7,8,0.037
달서구 장기동,2018,192,6,9,0.031
달서구 장기동,2019,195,8,12,0.041
달서구 장기동,2020,199,11,10,0.055
달서구 장기동,2021,198,8,7,0.04
달서구 장기동,2022,197,9,15,0.046
달서구 장기동,2023,203,9,3,0.044
달서구 장기동,2024,197,15,8,0.076
달서구 장기동,2025,190,8,6,0.042
달서구 죽전동,2016,193,10,11,0.052
달서구 죽전동,2017,194,6,12,0.031
달서구 죽전동,2018,200,15,22,0.075
달서구 죽전동,2019,207,15,19,0.072
달서구 죽전동,2020,211,19,20,0.09
달서구 죽전동,2021,212,23,23,0.108
달서구 죽전동,2022,212,10,15,0.047
달서구 죽전동,2023,217,23,19,0.106
달서구 죽전동,2024,213,31,24,0.146
달서구 죽전동,2025,206,10,13,0.049
달서구 진천동,2016,436,24,65,0.055
달서구 진천동,2017,477,26,39,0.055
달서구 진천동,2018,490,27,69,0.055
달서구 진천동,2019,532,32,69,0.06
달서구 진천동,2020,569,44,68,0.077
달서구 진천동,2021,593,36,64,0.061
달서구 진천동,2022,621,58,58,0.093
달서구 진천동,2023,621,69,62,0.111
달서구 진천동,2024,614,78,42,0.127
달서구 진천동,2025,578,25,26,0.043
달성군 가창면,2016,167,4,6,0.024
달성군 가창면,2017,169,9,9,0.053
달성군 가창면,2018,169,6,4,0.036
달성군 가창면,2019,167,10,8,0.06
달성군 가창면,2020,165,6,8,0.036
달성군 가창면,2021,167,3,8,0.018
달성군 가창면,2022,172,8,6,0.047
달성군 가창면,2023,170,6,6,0.035
달성군 가창면,2024,170,4,3,0.024
달성군 가창면,2025,169,2,0,0.012
달성군 구지면,2016,148,8,13,0.054
달성군 구지면,2017,153,9,17,0.059
달성군 구지면,2018,161,18,37,0.112
달성군 구지면,2019,180,17,35,0.094
달성군 구지면,2020,198,26,27,0.131
달성군 구지면,2021,199,20,47,0.101
달성군 구지면,2022,226,8,41,0.035
달성군 구지면,2023,259,19,32,0.073
달성군 구지면,2024,272,24,18,0.088
달성군 구지면,2025,266,10,19,0.038
달성군 논공읍,2016,337,12,13,0.036
달성군 논공읍,2017,338,20,14,0.059
달성군 논공읍,2018,332,23,15,0.069
달성군 논공읍,2019,324,22,17,0.068
달성군 논공읍,2020,319,29,8,0.091
달성군 논공읍,2021,298,30,12,0.101
달성군 논공읍,2022,280,21,25,0.075
달성군 논공읍,2023,284,18,18,0.063
달성군 논공읍,2024,284,10,13,0.035
달성군 논공읍,2025,287,9,5,0.031
달성군 다사읍,2016,582,34,71,0.058
달성군 다사읍,2017,619,50,96,0.081
달성군 다사읍,2018,665,65,83,0.098
달성군 다사읍,2019,683,54,86,0.079
달성군 다사읍,2020,715,79,63,0.11
달성군 다사읍,2021,699,48,67,0.069
달성군 다사읍,2022,718,56,72,0.078
달성군 다사읍,2023,734,75,83,0.102
달성군 다사읍,2024,742,65,52,0.088
달성군 다사읍,2025,729,33,32,0.045
달성군 옥포읍,2016,140,7,42,0.05
달성군 옥포읍,2017,175,8,29,0.046
달성군 옥포읍,2018,196,18,21,0.092
달성군 옥포읍,2019,199,17,24,0.085
달성군 옥포읍,2020,206,7,19,0.034
달성군 옥포읍,2021,218,9,24,0.041
달성군 옥포읍,2022,233,9,15,0.039
달성군 옥포읍,2023,239,17,20,0.071
달성군 옥포읍,2024,242,20,20,0.083
달성군 옥포읍,2025,242,9,7,0.037
달성군 유가읍,2016,92,7,56,0.076
달성군 유가읍,2017,141,13,48,0.092
달성군 유가읍,2018,176,18,56,0.102
달성군 유가읍,2019,214,28,44,0.131
달성군 유가읍,2020,230,29,54,0.126
달성군 유가읍,2021,255,27,43,0.106
달성군 유가읍,2022,271,32,42,0.118
달성군 유가읍,2023,281,37,42,0.132
달성군 유가읍,2024,286,28,43,0.098
달성군 유가읍,2025,301,18,14,0.06
달성군 하빈면,2016,64,3,7,0.047
달성군 하빈면,2017,68,3,1,0.044
달성군 하빈면,2018,66,5,4,0.076
달성군 하빈면,2019,65,4,3,0.062
달성군 하빈면,2020,64,4,0,0.062
달성군 하빈면,2021,60,1,2,0.017
달성군 하빈면,2022,61,1,2,0.016
달성군 하빈면,2023,62,4,1,0.065
달성군 하빈면,2024,59,2,4,0.034
달성군 하빈면,2025,61,0,2,0.0
달성군 현풍읍,2016,320,18,103,0.056
달성군 현풍읍,2017,405,32,73,0.079
달성군 현풍읍,2018,446,37,69,0.083
달성군 현풍읍,2019,478,44,82,0.092
달성군 현풍읍,2020,516,45,70,0.087
달성군 현풍읍,2021,541,55,61,0.102
달성군 현풍읍,2022,547,66,57,0.121
달성군 현풍읍,2023,538,58,76,0.108
달성군 현풍읍,2024,556,49,44,0.088
달성군 현풍읍,2025,551,23,17,0.042
달성군 화원읍,2016,400,25,32,0.062
달성군 화원읍,2017,407,22,26,0.054
달성군 화원읍,2018,411,33,17,0.08
달성군 화원읍,2019,395,31,40,0.078
달성군 화원읍,2020,404,19,27,0.047
달성군 화원읍,2021,412,24,32,0.058
달성군 화원읍,2022,420,27,20,0.064
달성군 화원읍,2023,413,25,32,0.061
달성군 화원읍,2024,420,19,15,0.045
달성군 화원읍,2025,416,10,10,0.024
동구 공산동,2016,292,20,15,0.068
동구 공산동,2017,287,15,22,0.052
동구 공산동,2018,294,16,18,0.054
동구 공산동,2019,296,20,24,0.068
동구 공산동,2020,300,10,22,0.033
동구 공산동,2021,312,10,27,0.032
동구 공산동,2022,329,13,15,0.04
동구 공산동,2023,331,19,22,0.057
동구 공산동,2024,334,19,19,0.057
동구 공산동,2025,334,2,4,0.006
동구 도평동,2016,30,4,3,0.133
동구 도평동,2017,29,3,3,0.103
동구 도평동,2018,29,1,2,0.034
동구 도평동,2019,30,1,0,0.033
동구 도평동,2020,29,3,1,0.103
동구 도평동,2021,27,1,1,0.037
동구 도평동,2022,27,0,0,0.0
동구 도평동,2023,27,2,3,0.074
동구 도평동,2024,28,1,0,0.036
동구 도평동,2025,27,0,0,0.0
동구 동촌동,2016,155,10,16,0.065
동구 동촌동,2017,161,14,14,0.087
동구 동촌동,2018,161,17,19,0.106
동구 동촌동,2019,163,6,9,0.037
동구 동촌동,2020,166,9,10,0.054
동구 동촌동,2021,167,9,8,0.054
동구 동촌동,2022,166,10,12,0.06
동구 동촌동,2023,168,12,11,0.071
동구 동촌동,2024,167,13,7,0.078
동구 동촌동,2025,161,4,2,0.025
동구 방촌동,2016,185,11,15,0.059
동구 방촌동,2017,189,13,11,0.069
동구 방촌동,2018,187,12,11,0.064
동구 방촌동,2019,186,16,15,0.086
동구 방촌동,2020,185,12,3,0.065
동구 방촌동,2021,176,9,12,0.051
동구 방촌동,2022,179,12,10,0.067
동구 방촌동,2023,177,11,15,0.062
동구 방촌동,2024,181,13,7,0.072
동구 방촌동,2025,175,2,7,0.011
동구 불로·봉무동,2016,272,16,33,0.059
동구 불로·봉무동,2017,289,34,40,0.118
동구 불로·봉무동,2018,295,20,30,0.068
동구 불로·봉무동,2019,305,17,33,0.056
동구 불로·봉무동,2020,321,26,30,0.081
동구 불로·봉무동,2021,325,23,37,0.071
동구 불로·봉무동,2022,339,34,41,0.1
동구 불로·봉무동,2023,346,31,30,0.09
동구 불로·봉무동,2024,345,29,24,0.084
동구 불로·봉무동,2025,340,10,15,0.029
동구 신암1동,2016,173,13,10,0.075
동구 신암1동,2017,170,15,15,0.088
동구 신암1동,2018,170,9,8,0.053
동구 신암1동,2019,169,22,12,0.13
동구 신암1동,2020,159,16,23,0.101
동구 신암1동,2021,166,16,12,0.096
동구 신암1동,2022,162,16,21,0.099
동구 신암1동,2023,167,8,14,0.048
동구 신암1동,2024,173,13,9,0.075
동구 신암1동,2025,169,7,4,0.041
동구 신암2동,2016,83,8,11,0.096
동구 신암2동,2017,86,8,10,0.093
동구 신암2동,2018,88,5,10,0.057
동구 신암2동,2019,93,7,7,0.075
동구 신암2동,2020,93,8,6,0.086
동구 신암2동,2021,91,9,8,0.099
동구 신암2동,2022,90,8,8,0.089
동구 신암2동,2023,90,9,12,0.1
동구 신암2동,2024,93,8,8,0.086
동구 신암2동,2025,93,1,0,0.011
동구 신암3동,2016,91,9,14,0.099
동구 신암3동,2017,96,9,7,0.094
동구 신암3동,2018,94,8,7,0.085
동구 신암3동,2019,93,6,21,0.065
동구 신암3동,2020,108,5,8,0.046
동구 신암3동,2021,111,12,7,0.108
동구 신암3동,2022,106,14,11,0.132
동구 신암3동,2023,103,6,10,0.058
동구 신암3동,2024,107,14,8,0.131
동구 신암3동,2025,101,0,5,0.0
동구 신암4동,2016,211,20,22,0.095
동구 신암4동,2017,213,19,14,0.089
동구 신암4동,2018,208,13,9,0.062
동구 신암4동,2019,204,27,13,0.132
동구 신암4동,2020,190,14,13,0.074
동구 신암4동,2021,189,19,12,0.101
동구 신암4동,2022,182,14,8,0.077
동구 신암4동,2023,176,16,13,0.091
동구 신암4동,2024,173,27,14,0.156
동구 신암4동,2025,160,2,3,0.012
동구 신암5동,2016,82,6,10,0.073
동구 신암5동,2017,86,6,8,0.07
동구 신암5동,2018,88,7,6,0.08
동구 신암5동,2019,87,10,5,0.115
동구 신암5동,2020,82,4,8,0.049
동구 신암5동,2021,86,8,12,0.093
동구 신암5동,2022,90,3,3,0.033
동구 신암5동,2023,90,8,9,0.089
동구 신암5동,2024,91,7,10,0.077
동구 신암5동,2025,94,3,1,0.032
동구 신천1·2동,2016,98,10,9,0.102
동구 신천1·2동,2017,97,9,7,0.093
동구 신천1·2동,2018,95,5,12,0.053
동구 신천1·2동,2019,102,11,15,0.108
동구 신천1·2동,2020,106,5,14,0.047
동구 신천1·2동,2021,115,11,5,0.096
동구 신천1·2동,2022,109,7,5,0.064
동구 신천1·2동,2023,107,5,8,0.047
동구 신천1·2동,2024,110,11,7,0.1
동구 신천1·2동,2025,106,3,3,0.028
동구 신천3동,2016,150,7,13,0.047
동구 신천3동,2017,156,14,9,0.09
동구 신천3동,2018,151,5,7,0.033
동구 신천3동,2019,153,17,14,0.111
동구 신천3동,2020,150,9,20,0.06
동구 신천3동,2021,161,17,17,0.106
동구 신천3동,2022,161,14,14,0.087
동구 신천3동,2023,161,10,16,0.062
동구 신천3동,2024,167,22,22,0.132
동구 신천3동,2025,167,5,2,0.03
동구 신천4동,2016,301,24,67,0.08
동구 신천4동,2017,344,30,49,0.087
동구 신천4동,2018,363,38,24,0.105
동구 신천4동,2019,349,21,36,0.06
동구 신천4동,2020,364,39,36,0.107
동구 신천4동,2021,361,51,51,0.141
동구 신천4동,2022,361,44,64,0.122
동구 신천4동,2023,381,50,81,0.131
동구 신천4동,2024,412,71,75,0.172
동구 신천4동,2025,416,39,51,0.094
동구 안심1동,2016,479,42,54,0.088
동구 안심1동,2017,491,59,42,0.12
동구 안심1동,2018,474,48,51,0.101
동구 안심1동,2019,477,39,57,0.082
동구 안심1동,2020,495,49,60,0.099
동구 안심1동,2021,506,42,65,0.083
동구 안심1동,2022,529,59,70,0.112
동구 안심1동,2023,540,44,57,0.081
동구 안심1동,2024,553,50,44,0.09
동구 안심1동,2025,547,28,18,0.051
동구 안심2동,2016,46,3,7,0.065
동구 안심2동,2017,50,3,3,0.06
동구 안심2동,2018,50,2,6,0.04
동구 안심2동,2019,54,4,7,0.074
동구 안심2동,2020,57,7,8,0.123
동구 안심2동,2021,58,6,12,0.103
동구 안심2동,2022,64,8,6,0.125
동구 안심2동,2023,62,3,3,0.048
동구 안심2동,2024,62,5,5,0.081
동구 안심2동,2025,62,2,3,0.032
동구 안심3동,2016,163,13,15,0.08
동구 안심3동,2017,165,21,24,0.127
동구 안심3동,2018,168,15,21,0.089
동구 안심3동,2019,174,15,13,0.086
동구 안심3동,2020,172,12,19,0.07
동구 안심3동,2021,179,16,20,0.089
동구 안심3동,2022,183,18,13,0.098
동구 안심3동,2023,178,10,17,0.056
동구 안심3동,2024,185,21,10,0.114
동구 안심3동,2025,174,9,3,0.052
동구 안심4동,2016,156,10,27,0.064
동구 안심4동,2017,173,20,27,0.116
동구 안심4동,2018,180,11,25,0.061
동구 안심4동,2019,194,13,23,0.067
동구 안심4동,2020,204,15,28,0.074
동구 안심4동,2021,217,16,28,0.074
동구 안심4동,2022,229,25,16,0.109
동구 안심4동,2023,220,21,24,0.095
동구 안심4동,2024,223,24,19,0.108
동구 안심4동,2025,218,13,6,0.06
동구 지저동,2016,154,17,10,0.11
동구 지저동,2017,147,11,16,0.075
동구 지저동,2018,152,16,20,0.105
동구 지저동,2019,156,8,10,0.051
동구 지저동,2020,158,4,16,0.025
동구 지저동,2021,170,8,6,0.047
동구 지저동,2022,168,10,14,0.06
동구 지저동,2023,172,4,12,0.023
동구 지저동,2024,180,14,9,0.078
동구 지저동,2025,175,5,2,0.029
동구 해안동,2016,131,8,10,0.061
동구 해안동,2017,133,15,12,0.113
동구 해안동,2018,130,7,11,0.054
동구 해안동,2019,134,5,9,0.037
동구 해안동,2020,138,8,14,0.058
동구 해안동,2021,144,12,9,0.083
동구 해안동,2022,141,10,7,0.071
동구 해안동,2023,138,18,16,0.13
동구 해안동,2024,136,4,9,0.029
동구 해안동,2025,141,4,0,0.028
동구 혁신동,2016,121,18,112,0.149
동구 혁신동,2017,215,31,62,0.144
동구 혁신동,2018,246,32,54,0.13
동구 혁신동,2019,268,24,31,0.09
동구 혁신동,2020,275,18,27,0.065
동구 혁신동,2021,284,21,39,0.074
동구 혁신동,2022,302,35,31,0.116
동구 혁신동,2023,298,33,43,0.111
동구 혁신동,2024,308,34,29,0.11
동구 혁신동,2025,303,13,9,0.043
동구 효목1동,2016,249,13,21,0.052
동구 효목1동,2017,257,24,16,0.093
동구 효목1동,2018,249,21,18,0.084
동구 효목1동,2019,246,22,16,0.089
동구 효목1동,2020,240,19,21,0.079
동구 효목1동,2021,242,19,19,0.079
동구 효목1동,2022,242,11,20,0.045
동구 효목1동,2023,251,22,21,0.088
동구 효목1동,2024,250,23,23,0.092
동구 효목1동,2025,250,18,19,0.072
동구 효목2동,2016,189,9,15,0.048
동구 효목2동,2017,195,14,17,0.072
동구 효목2동,2018,198,24,21,0.121
동구 효목2동,2019,195,14,17,0.072
동구 효목2동,2020,198,16,17,0.081
동구 효목2동,2021,199,9,14,0.045
동구 효목2동,2022,204,11,17,0.054
동구 효목2동,2023,210,15,23,0.071
동구 효목2동,2024,218,27,17,0.124
동구 효목2동,2025,208,4,4,0.019
북구 검단동,2016,56,2,1,0.036
북구 검단동,2017,55,4,5,0.073
북구 검단동,2018,56,2,2,0.036
북구 검단동,2019,56,3,3,0.054
북구 검단동,2020,56,2,5,0.036
북구 검단동,2021,59,5,2,0.085
북구 검단동,2022,56,12,2,0.214
북구 검단동,2023,46,6,2,0.13
북구 검단동,2024,42,4,2,0.095
북구 검단동,2025,40,1,0,0.025
북구 고성동,2016,124,5,10,0.04
북구 고성동,2017,129,16,12,0.124
북구 고성동,2018,125,5,12,0.04
북구 고성동,2019,132,3,32,0.023
북구 고성동,2020,161,10,14,0.062
북구 고성동,2021,165,11,28,0.067
북구 고성동,2022,182,26,23,0.143
북구 고성동,2023,179,31,37,0.173
북구 고성동,2024,185,35,42,0.189
북구 고성동,2025,192,5,8,0.026
북구 관문동,2016,151,5,49,0.033
북구 관문동,2017,195,12,33,0.062
북구 관문동,2018,216,27,40,0.125
북구 관문동,2019,229,18,35,0.079
북구 관문동,2020,246,19,23,0.077
북구 관문동,2021,250,24,28,0.096
북구 관문동,2022,254,30,25,0.118
북구 관문동,2023,249,38,24,0.153
북구 관문동,2024,235,28,20,0.119
북구 관문동,2025,227,7,8,0.031
북구 관음동,2016,167,4,7,0.024
북구 관음동,2017,170,9,8,0.053
북구 관음동,2018,169,10,15,0.059
북구 관음동,2019,174,15,24,0.086
북구 관음동,2020,183,18,20,0.098
북구 관음동,2021,185,23,32,0.124
북구 관음동,2022,194,35,13,0.18
북구 관음동,2023,172,24,12,0.14
북구 관음동,2024,160,23,5,0.144
북구 관음동,2025,142,5,1,0.035
북구 구암동,2016,372,21,20,0.056
북구 구암동,2017,371,19,24,0.051
북구 구암동,2018,376,25,30,0.066
북구 구암동,2019,381,23,26,0.06
북구 구암동,2020,384,24,24,0.062
북구 구암동,2021,384,13,17,0.034
북구 구암동,2022,388,47,19,0.121
북구 구암동,2023,360,43,24,0.119
북구 구암동,2024,341,17,14,0.05
북구 구암동,2025,338,4,3,0.012
북구 국우동,2016,205,18,19,0.088
북구 국우동,2017,206,19,20,0.092
북구 국우동,2018,207,19,30,0.092
북구 국우동,2019,218,22,22,0.101
북구 국우동,2020,218,18,24,0.083
북구 국우동,2021,224,17,19,0.076
북구 국우동,2022,226,22,28,0.097
북구 국우동,2023,232,16,21,0.069
북구 국우동,2024,237,16,10,0.068
북구 국우동,2025,231,10,16,0.043
북구 노원동,2016,433,21,23,0.048
북구 노원동,2017,435,32,25,0.074
북구 노원동,2018,428,17,25,0.04
북구 노원동,2019,436,28,21,0.064
북구 노원동,2020,429,35,12,0.082
북구 노원동,2021,406,25,11,0.062
북구 노원동,2022,392,33,15,0.084
북구 노원동,2023,374,33,11,0.088
북구 노원동,2024,352,14,8,0.04
북구 노원동,2025,346,14,10,0.04
북구 대현동,2016,241,18,32,0.075
북구 대현동,2017,255,13,24,0.051
북구 대현동,2018,266,20,27,0.075
북구 대현동,2019,273,24,23,0.088
북구 대현동,2020,272,26,23,0.096
북구 대현동,2021,269,21,24,0.078
북구 대현동,2022,272,38,22,0.14
북구 대현동,2023,256,35,15,0.137
북구 대현동,2024,236,12,15,0.051
북구 대현동,2025,239,22,11,0.092
북구 동천동,2016,346,22,25,0.064
북구 동천동,2017,349,24,21,0.069
북구 동천동,2018,346,21,22,0.061
북구 동천동,2019,347,32,39,0.092
북구 동천동,2020,354,25,39,0.071
북구 동천동,2021,368,28,35,0.076
북구 동천동,2022,375,32,32,0.085
북구 동천동,2023,375,45,37,0.12
북구 동천동,2024,367,32,29,0.087
북구 동천동,2025,364,20,19,0.055
북구 무태조야동,2016,258,15,18,0.058
북구 무태조야동,2017,261,12,9,0.046
북구 무태조야동,2018,258,20,13,0.078
북구 무태조야동,2019,251,12,35,0.048
북구 무태조야동,2020,274,16,56,0.058
북구 무태조야동,2021,314,21,46,0.067
북구 무태조야동,2022,339,28,38,0.083
북구 무태조야동,2023,349,56,36,0.16
북구 무태조야동,2024,329,23,27,0.07
북구 무태조야동,2025,333,12,7,0.036
북구 복현1동,2016,153,6,7,0.039
북구 복현1동,2017,154,8,8,0.052
북구 복현1동,2018,154,5,7,0.032
북구 복현1동,2019,156,9,8,0.058
북구 복현1동,2020,155,8,9,0.052
북구 복현1동,2021,156,10,7,0.064
북구 복현1동,2022,153,13,7,0.085
북구 복현1동,2023,147,18,11,0.122
북구 복현1동,2024,140,11,5,0.079
북구 복현1동,2025,134,7,9,0.052
북구 복현2동,2016,160,9,6,0.056
북구 복현2동,2017,157,11,11,0.07
북구 복현2동,2018,157,7,13,0.045
북구 복현2동,2019,163,16,14,0.098
북구 복현2동,2020,161,6,11,0.037
북구 복현2동,2021,166,16,9,0.096
북구 복현2동,2022,159,22,5,0.138
북구 복현2동,2023,142,19,19,0.134
북구 복현2동,2024,142,10,11,0.07
북구 복현2동,2025,143,6,6,0.042
북구 산격1동,2016,92,5,6,0.054
북구 산격1동,2017,93,3,0,0.032
북구 산격1동,2018,90,7,5,0.078
북구 산격1동,2019,88,6,9,0.068
북구 산격1동,2020,91,9,1,0.099
북구 산격1동,2021,83,2,3,0.024
북구 산격1동,2022,84,9,3,0.107
북구 산격1동,2023,78,14,1,0.179
북구 산격1동,2024,65,4,2,0.062
북구 산격1동,2025,63,0,1,0.0
북구 산격2동,2016,219,12,16,0.055
북구 산격2동,2017,223,14,17,0.063
북구 산격2동,2018,226,20,21,0.088
북구 산격2동,2019,227,15,13,0.066
북구 산격2동,2020,225,12,15,0.053
북구 산격2동,2021,228,22,23,0.096
북구 산격2동,2022,229,26,19,0.114
북구 산격2동,2023,222,56,38,0.252
북구 산격2동,2024,204,34,32,0.167
북구 산격2동,2025,202,23,17,0.114
북구 산격3동,2016,436,35,31,0.08
북구 산격3동,2017,432,20,24,0.046
북구 산격3동,2018,436,29,52,0.067
북구 산격3동,2019,459,32,47,0.07
북구 산격3동,2020,474,25,40,0.053
북구 산격3동,2021,489,36,38,0.074
북구 산격3동,2022,491,52,41,0.106
북구 산격3동,2023,480,71,52,0.148
북구 산격3동,2024,461,47,47,0.102
북구 산격3동,2025,461,25,16,0.054
북구 산격4동,2016,53,2,7,0.038
북구 산격4동,2017,58,9,4,0.155
북구 산격4동,2018,53,4,6,0.075
북구 산격4동,2019,55,1,8,0.018
북구 산격4동,2020,62,4,7,0.065
북구 산격4동,2021,65,5,2,0.077
북구 산격4동,2022,62,8,5,0.129
북구 산격4동,2023,59,9,4,0.153
북구 산격4동,2024,54,3,1,0.056
북구 산격4동,2025,52,3,2,0.058
북구 읍내동,2016,226,15,23,0.066
북구 읍내동,2017,234,32,26,0.137
북구 읍내동,2018,228,20,39,0.088
북구 읍내동,2019,247,16,19,0.065
북구 읍내동,2020,250,16,30,0.064
북구 읍내동,2021,264,19,24,0.072
북구 읍내동,2022,269,30,35,0.112
북구 읍내동,2023,274,42,32,0.153
북구 읍내동,2024,264,23,25,0.087
북구 읍내동,2025,266,13,7,0.049
북구 칠성동,2016,265,15,25,0.057
북구 칠성동,2017,275,14,37,0.051
북구 칠성동,2018,298,22,31,0.074
북구 칠성동,2019,307,20,32,0.065
북구 칠성동,2020,319,28,17,0.088
북구 칠성동,2021,308,43,21,0.14
북구 칠성동,2022,286,47,31,0.164
북구 칠성동,2023,270,47,38,0.174
북구 칠성동,2024,261,25,35,0.096
북구 칠성동,2025,271,17,12,0.063
북구 침산1동,2016,66,1,0,0.015
북구 침산1동,2017,65,1,1,0.015
북구 침산1동,2018,65,3,3,0.046
북구 침산1동,2019,65,4,3,0.062
북구 침산1동,2020,64,3,3,0.047
북구 침산1동,2021,64,4,4,0.062
북구 침산1동,2022,64,16,1,0.25
북구 침산1동,2023,49,3,0,0.061
북구 침산1동,2024,46,5,1,0.109
북구 침산1동,2025,42,0,1,0.0
북구 침산2동,2016,95,7,8,0.074
북구 침산2동,2017,96,15,34,0.156
북구 침산2동,2018,115,15,18,0.13
북구 침산2동,2019,118,14,26,0.119
북구 침산2동,2020,130,7,22,0.054
북구 침산2동,2021,145,10,19,0.069
북구 침산2동,2022,154,19,12,0.123
북구 침산2동,2023,147,20,19,0.136
북구 침산2동,2024,146,17,19,0.116
북구 침산2동,2025,148,6,6,0.041
북구 침산3동,2016,102,11,6,0.108
북구 침산3동,2017,97,5,12,0.052
북구 침산3동,2018,104,6,15,0.058
북구 침산3동,2019,113,9,12,0.08
북구 침산3동,2020,116,3,13,0.026
북구 침산3동,2021,126,20,11,0.159
북구 침산3동,2022,117,15,14,0.128
북구 침산3동,2023,116,16,11,0.138
북구 침산3동,2024,111,7,7,0.063
북구 침산3동,2025,111,3,1,0.027
북구 태전1동,2016,277,18,18,0.065
북구 태전1동,2017,277,14,14,0.051
북구 태전1동,2018,277,14,11,0.051
북구 태전1동,2019,274,23,26,0.084
북구 태전1동,2020,277,11,31,0.04
북구 태전1동,2021,297,28,29,0.094
북구 태전1동,2022,298,44,26,0.148
북구 태전1동,2023,280,31,14,0.111
북구 태전1동,2024,263,28,25,0.106
북구 태전1동,2025,260,17,5,0.065
북구 태전2동,2016,239,22,31,0.092
북구 태전2동,2017,248,19,20,0.077
북구 태전2동,2018,249,18,21,0.072
북구 태전2동,2019,252,13,26,0.052
북구 태전2동,2020,265,18,27,0.068
북구 태전2동,2021,274,20,17,0.073
북구 태전2동,2022,271,31,14,0.114
북구 태전2동,2023,254,26,11,0.102
북구 태전2동,2024,239,21,19,0.088
북구 태전2동,2025,237,8,6,0.034
서구 내당1동,2016,191,12,8,0.063
서구 내당1동,2017,187,12,6,0.064
서구 내당1동,2018,181,20,6,0.11
서구 내당1동,2019,167,14,10,0.084
서구 내당1동,2020,163,36,7,0.221
서구 내당1동,2021,134,9,10,0.067
서구 내당1동,2022,135,17,13,0.126
서구 내당1동,2023,131,10,10,0.076
서구 내당1동,2024,131,6,5,0.046
서구 내당1동,2025,130,2,3,0.015
서구 내당2·3동,2016,130,11,15,0.085
서구 내당2·3동,2017,134,9,4,0.067
서구 내당2·3동,2018,129,10,12,0.078
서구 내당2·3동,2019,131,14,6,0.107
서구 내당2·3동,2020,123,15,13,0.122
서구 내당2·3동,2021,121,10,6,0.083
서구 내당2·3동,2022,117,7,8,0.06
서구 내당2·3동,2023,118,17,15,0.144
서구 내당2·3동,2024,116,12,11,0.103
서구 내당2·3동,2025,115,2,7,0.017
서구 내당4동,2016,228,7,17,0.031
서구 내당4동,2017,238,26,20,0.109
서구 내당4동,2018,232,14,16,0.06
서구 내당4동,2019,234,18,19,0.077
서구 내당4동,2020,235,32,27,0.136
서구 내당4동,2021,230,18,18,0.078
서구 내당4동,2022,230,8,13,0.035
서구 내당4동,2023,235,29,12,0.123
서구 내당4동,2024,218,26,22,0.119
서구 내당4동,2025,214,8,5,0.037
서구 비산1동,2016,71,3,3,0.042
서구 비산1동,2017,71,6,11,0.085
서구 비산1동,2018,76,9,11,0.118
서구 비산1동,2019,78,5,2,0.064
서구 비산1동,2020,75,12,9,0.16
서구 비산1동,2021,72,6,7,0.083
서구 비산1동,2022,73,1,3,0.014
서구 비산1동,2023,75,8,6,0.107
서구 비산1동,2024,73,10,4,0.137
서구 비산1동,2025,67,4,1,0.06
서구 비산2·3동,2016,178,12,13,0.067
서구 비산2·3동,2017,179,13,35,0.073
서구 비산2·3동,2018,201,16,23,0.08
서구 비산2·3동,2019,208,16,13,0.077
서구 비산2·3동,2020,205,24,15,0.117
서구 비산2·3동,2021,196,11,12,0.056
서구 비산2·3동,2022,197,14,14,0.071
서구 비산2·3동,2023,197,21,16,0.107
서구 비산2·3동,2024,192,17,13,0.089
서구 비산2·3동,2025,188,7,6,0.037
서구 비산4동,2016,91,4,10,0.044
서구 비산4동,2017,97,7,1,0.072
서구 비산4동,2018,91,8,5,0.088
서구 비산4동,2019,88,5,6,0.057
서구 비산4동,2020,89,7,4,0.079
서구 비산4동,2021,86,6,4,0.07
서구 비산4동,2022,84,5,8,0.06
서구 비산4동,2023,87,10,10,0.115
서구 비산4동,2024,87,7,5,0.08
서구 비산4동,2025,85,3,2,0.035
서구 비산5동,2016,117,4,6,0.034
서구 비산5동,2017,119,5,9,0.042
서구 비산5동,2018,123,8,10,0.065
서구 비산5동,2019,125,6,10,0.048
서구 비산5동,2020,129,10,7,0.078
서구 비산5동,2021,126,1,4,0.008
서구 비산5동,2022,129,6,5,0.047
서구 비산5동,2023,128,15,7,0.117
서구 비산5동,2024,120,7,2,0.058
서구 비산5동,2025,115,4,9,0.035
서구 비산6동,2016,62,2,8,0.032
서구 비산6동,2017,68,1,4,0.015
서구 비산6동,2018,71,8,7,0.113
서구 비산6동,2019,70,3,7,0.043
서구 비산6동,2020,74,5,3,0.068
서구 비산6동,2021,72,5,6,0.069
서구 비산6동,2022,73,2,3,0.027
서구 비산6동,2023,74,8,5,0.108
서구 비산6동,2024,71,11,4,0.155
서구 비산6동,2025,64,3,2,0.047
서구 비산7동,2016,295,15,24,0.051
서구 비산7동,2017,304,18,23,0.059
서구 비산7동,2018,309,11,24,0.036
서구 비산7동,2019,322,17,26,0.053
서구 비산7동,2020,331,35,19,0.106
서구 비산7동,2021,315,17,16,0.054
서구 비산7동,2022,314,19,16,0.061
서구 비산7동,2023,311,21,23,0.068
서구 비산7동,2024,313,23,16,0.073
서구 비산7동,2025,306,7,9,0.023
서구 상중이동,2016,232,11,9,0.047
서구 상중이동,2017,230,22,16,0.096
서구 상중이동,2018,224,9,12,0.04
서구 상중이동,2019,227,16,13,0.07
서구 상중이동,2020,224,16,9,0.071
서구 상중이동,2021,217,6,17,0.028
서구 상중이동,2022,228,10,20,0.044
서구 상중이동,2023,238,16,13,0.067
서구 상중이동,2024,235,24,15,0.102
서구 상중이동,2025,226,8,7,0.035
서구 원대동,2016,169,14,6,0.083
서구 원대동,2017,161,10,5,0.062
서구 원대동,2018,156,10,13,0.064
서구 원대동,2019,159,16,11,0.101
서구 원대동,2020,154,23,7,0.149
서구 원대동,2021,138,14,8,0.101
서구 원대동,2022,132,13,8,0.098
서구 원대동,2023,127,14,11,0.11
서구 원대동,2024,124,6,15,0.048
서구 원대동,2025,133,1,2,0.008
서구 평리1동,2016,83,11,7,0.133
서구 평리1동,2017,79,5,3,0.063
서구 평리1동,2018,77,6,8,0.078
서구 평리1동,2019,79,9,4,0.114
서구 평리1동,2020,74,14,4,0.189
서구 평리1동,2021,64,4,3,0.062
서구 평리1동,2022,63,4,4,0.063
서구 평리1동,2023,63,7,2,0.111
서구 평리1동,2024,58,5,0,0.086
서구 평리1동,2025,53,1,2,0.019
서구 평리2동,2016,60,4,5,0.067
서구 평리2동,2017,61,4,3,0.066
서구 평리2동,2018,60,5,2,0.083
서구 평리2동,2019,57,4,3,0.07
서구 평리2동,2020,56,6,4,0.107
서구 평리2동,2021,54,3,7,0.056
서구 평리2동,2022,58,8,4,0.138
서구 평리2동,2023,54,2,1,0.037
서구 평리2동,2024,53,7,5,0.132
서구 평리2동,2025,51,1,1,0.02
서구 평리3동,2016,206,10,16,0.049
서구 평리3동,2017,212,10,12,0.047
서구 평리3동,2018,214,15,9,0.07
서구 평리3동,2019,208,19,13,0.091
서구 평리3동,2020,202,26,14,0.129
서구 평리3동,2021,190,11,7,0.058
서구 평리3동,2022,186,10,14,0.054
서구 평리3동,2023,190,16,15,0.084
서구 평리3동,2024,189,9,11,0.048
서구 평리3동,2025,191,5,9,0.026
서구 평리4동,2016,334,10,24,0.03
서구 평리4동,2017,348,25,23,0.072
서구 평리4동,2018,346,29,32,0.084
서구 평리4동,2019,349,28,32,0.08
서구 평리4동,2020,353,48,27,0.136
서구 평리4동,2021,332,26,33,0.078
서구 평리4동,2022,339,23,15,0.068
서구 평리4동,2023,331,24,12,0.073
서구 평리4동,2024,319,39,20,0.122
서구 평리4동,2025,300,13,13,0.043
서구 평리5동,2016,82,8,4,0.098
서구 평리5동,2017,78,3,5,0.038
서구 평리5동,2018,80,6,3,0.075
서구 평리5동,2019,77,16,2,0.208
서구 평리5동,2020,63,16,4,0.254
서구 평리5동,2021,51,8,7,0.157
서구 평리5동,2022,50,3,0,0.06
서구 평리5동,2023,47,6,10,0.128
서구 평리5동,2024,51,8,7,0.157
서구 평리5동,2025,50,2,2,0.04
서구 평리6동,2016,67,5,9,0.075
서구 평리6동,2017,71,6,2,0.085
서구 평리6동,2018,67,7,2,0.104
서구 평리6동,2019,62,6,1,0.097
서구 평리6동,2020,57,11,2,0.193
서구 평리6동,2021,48,6,0,0.125
서구 평리6동,2022,42,5,1,0.119
서구 평리6동,2023,38,9,3,0.237
서구 평리6동,2024,32,2,2,0.062
서구 평리6동,2025,32,1,1,0.031
수성구 고산1동,2016,281,26,27,0.093
수성구 고산1동,2017,282,21,23,0.074
수성구 고산1동,2018,284,21,24,0.074
수성구 고산1동,2019,287,19,32,0.066
수성구 고산1동,2020,300,31,26,0.103
수성구 고산1동,2021,295,31,31,0.105
수성구 고산1동,2022,295,31,31,0.105
수성구 고산1동,2023,295,20,21,0.068
수성구 고산1동,2024,296,20,22,0.068
수성구 고산1동,2025,298,9,11,0.03
수성구 고산2동,2016,185,20,33,0.108
수성구 고산2동,2017,198,17,18,0.086
수성구 고산2동,2018,199,10,14,0.05
수성구 고산2동,2019,203,19,37,0.094
수성구 고산2동,2020,221,17,18,0.077
수성구 고산2동,2021,222,24,25,0.108
수성구 고산2동,2022,223,9,19,0.04
수성구 고산2동,2023,233,33,47,0.142
수성구 고산2동,2024,247,33,43,0.134
수성구 고산2동,2025,257,9,17,0.035
수성구 고산3동,2016,223,26,26,0.117
수성구 고산3동,2017,223,22,32,0.099
수성구 고산3동,2018,233,17,23,0.073
수성구 고산3동,2019,239,24,23,0.1
수성구 고산3동,2020,238,19,21,0.08
수성구 고산3동,2021,240,20,26,0.083
수성구 고산3동,2022,246,15,21,0.061
수성구 고산3동,2023,252,22,18,0.087
수성구 고산3동,2024,248,26,10,0.105
수성구 고산3동,2025,232,8,5,0.034
수성구 두산동,2016,495,28,42,0.057
수성구 두산동,2017,509,37,42,0.073
수성구 두산동,2018,514,96,104,0.187
수성구 두산동,2019,522,88,89,0.169
수성구 두산동,2020,523,35,44,0.067
수성구 두산동,2021,532,49,44,0.092
수성구 두산동,2022,527,90,102,0.171
수성구 두산동,2023,539,100,117,0.186
수성구 두산동,2024,556,113,107,0.203
수성구 두산동,2025,550,35,38,0.064
수성구 만촌1동,2016,172,10,10,0.058
수성구 만촌1동,2017,172,16,8,0.093
수성구 만촌1동,2018,164,13,15,0.079
수성구 만촌1동,2019,166,11,13,0.066
수성구 만촌1동,2020,168,23,15,0.137
수성구 만촌1동,2021,160,13,16,0.081
수성구 만촌1동,2022,163,18,22,0.11
수성구 만촌1동,2023,167,18,4,0.108
수성구 만촌1동,2024,153,12,13,0.078
수성구 만촌1동,2025,154,4,5,0.026
수성구 만촌2동,2016,125,7,5,0.056
수성구 만촌2동,2017,123,9,11,0.073
수성구 만촌2동,2018,125,16,13,0.128
수성구 만촌2동,2019,122,14,10,0.115
수성구 만촌2동,2020,118,12,3,0.102
수성구 만촌2동,2021,109,10,15,0.092
수성구 만촌2동,2022,114,11,14,0.096
수성구 만촌2동,2023,117,14,13,0.12
수성구 만촌2동,2024,116,16,12,0.138
수성구 만촌2동,2025,112,6,4,0.054
수성구 만촌3동,2016,143,14,14,0.098
수성구 만촌3동,2017,143,18,29,0.126
수성구 만촌3동,2018,154,14,14,0.091
수성구 만촌3동,2019,154,27,15,0.175
수성구 만촌3동,2020,142,17,9,0.12
수성구 만촌3동,2021,134,16,12,0.119
수성구 만촌3동,2022,130,12,15,0.092
수성구 만촌3동,2023,133,8,15,0.06
수성구 만촌3동,2024,140,18,13,0.129
수성구 만촌3동,2025,135,15,5,0.111
수성구 범물1동,2016,107,7,7,0.065
수성구 범물1동,2017,107,11,9,0.103
수성구 범물1동,2018,105,6,7,0.057
수성구 범물1동,2019,106,8,8,0.075
수성구 범물1동,2020,106,9,6,0.085
수성구 범물1동,2021,103,7,7,0.068
수성구 범물1동,2022,103,8,3,0.078
수성구 범물1동,2023,98,3,3,0.031
수성구 범물1동,2024,98,6,3,0.061
수성구 범물1동,2025,95,5,4,0.053
수성구 범물2동,2016,73,9,6,0.123
수성구 범물2동,2017,70,5,4,0.071
수성구 범물2동,2018,69,8,8,0.116
수성구 범물2동,2019,69,2,1,0.029
수성구 범물2동,2020,68,11,6,0.162
수성구 범물2동,2021,63,7,11,0.111
수성구 범물2동,2022,67,4,5,0.06
수성구 범물2동,2023,68,3,7,0.044
수성구 범물2동,2024,72,9,13,0.125
수성구 범물2동,2025,76,5,3,0.066
수성구 범어1동,2016,229,18,21,0.079
수성구 범어1동,2017,232,16,22,0.069
수성구 범어1동,2018,238,19,25,0.08
수성구 범어1동,2019,244,17,17,0.07
수성구 범어1동,2020,244,24,17,0.098
수성구 범어1동,2021,237,12,29,0.051
수성구 범어1동,2022,254,21,24,0.083
수성구 범어1동,2023,257,22,28,0.086
수성구 범어1동,2024,263,20,16,0.076
수성구 범어1동,2025,259,10,5,0.039
수성구 범어2동,2016,143,9,13,0.063
수성구 범어2동,2017,147,12,13,0.082
수성구 범어2동,2018,148,20,18,0.135
수성구 범어2동,2019,146,9,14,0.062
수성구 범어2동,2020,151,23,16,0.152
수성구 범어2동,2021,144,13,26,0.09
수성구 범어2동,2022,157,12,15,0.076
수성구 범어2동,2023,160,15,6,0.094
수성구 범어2동,2024,151,21,12,0.139
수성구 범어2동,2025,142,9,11,0.063
수성구 범어3동,2016,228,24,33,0.105
수성구 범어3동,2017,237,18,15,0.076
수성구 범어3동,2018,234,15,30,0.064
수성구 범어3동,2019,249,21,21,0.084
수성구 범어3동,2020,249,29,15,0.116
수성구 범어3동,2021,235,21,33,0.089
수성구 범어3동,2022,247,16,24,0.065
수성구 범어3동,2023,255,19,24,0.075
수성구 범어3동,2024,260,17,28,0.065
수성구 범어3동,2025,271,7,6,0.026
수성구 범어4동,2016,183,16,21,0.087
수성구 범어4동,2017,188,12,14,0.064
수성구 범어4동,2018,190,23,25,0.121
수성구 범어4동,2019,192,15,24,0.078
수성구 범어4동,2020,201,21,17,0.104
수성구 범어4동,2021,197,12,26,0.061
수성구 범어4동,2022,211,13,19,0.062
수성구 범어4동,2023,217,15,15,0.069
수성구 범어4동,2024,217,16,23,0.074
수성구 범어4동,2025,224,9,8,0.04
수성구 상동,2016,195,13,17,0.067
수성구 상동,2017,199,12,21,0.06
수성구 상동,2018,208,11,9,0.053
수성구 상동,2019,206,18,16,0.087
수성구 상동,2020,204,17,13,0.083
수성구 상동,2021,200,11,7,0.055
수성구 상동,2022,196,8,16,0.041
수성구 상동,2023,204,15,20,0.074
수성구 상동,2024,209,20,8,0.096
수성구 상동,2025,197,3,4,0.015
수성구 수성1가동,2016,105,11,11,0.105
수성구 수성1가동,2017,105,6,11,0.057
수성구 수성1가동,2018,110,10,20,0.091
수성구 수성1가동,2019,120,10,8,0.083
수성구 수성1가동,2020,118,13,11,0.11
수성구 수성1가동,2021,116,16,13,0.138
수성구 수성1가동,2022,113,8,7,0.071
수성구 수성1가동,2023,112,14,8,0.125
수성구 수성1가동,2024,106,6,17,0.057
수성구 수성1가동,2025,117,6,8,0.051
수성구 수성2·3가동,2016,166,14,7,0.084
수성구 수성2·3가동,2017,159,9,19,0.057
수성구 수성2·3가동,2018,169,18,14,0.107
수성구 수성2·3가동,2019,165,11,15,0.067
수성구 수성2·3가동,2020,169,26,18,0.154
수성구 수성2·3가동,2021,161,11,20,0.068
수성구 수성2·3가동,2022,170,18,16,0.106
수성구 수성2·3가동,2023,168,16,22,0.095
수성구 수성2·3가동,2024,174,23,21,0.132
수성구 수성2·3가동,2025,172,9,9,0.052
수성구 수성4가동,2016,154,6,17,0.039
수성구 수성4가동,2017,165,11,14,0.067
수성구 수성4가동,2018,168,14,16,0.083
수성구 수성4가동,2019,170,8,17,0.047
수성구 수성4가동,2020,179,19,12,0.106
수성구 수성4가동,2021,172,12,17,0.07
수성구 수성4가동,2022,177,14,19,0.079
수성구 수성4가동,2023,182,12,17,0.066
수성구 수성4가동,2024,187,16,15,0.086
수성구 수성4가동,2025,186,4,3,0.022
수성구 중동,2016,158,12,4,0.076
수성구 중동,2017,150,7,8,0.047
수성구 중동,2018,151,9,8,0.06
수성구 중동,2019,150,12,15,0.08
수성구 중동,2020,153,17,27,0.111
수성구 중동,2021,163,19,18,0.117
수성구 중동,2022,162,22,22,0.136
수성구 중동,2023,162,18,11,0.111
수성구 중동,2024,155,12,12,0.077
수성구 중동,2025,155,7,13,0.045
수성구 지산1동,2016,333,27,31,0.081
수성구 지산1동,2017,337,26,30,0.077
수성구 지산1동,2018,341,18,28,0.053
수성구 지산1동,2019,351,16,27,0.046
수성구 지산1동,2020,362,34,30,0.094
수성구 지산1동,2021,358,22,36,0.061
수성구 지산1동,2022,372,28,23,0.075
수성구 지산1동,2023,367,30,14,0.082
수성구 지산1동,2024,351,23,24,0.066
수성구 지산1동,2025,352,19,8,0.054
수성구 지산2동,2016,166,11,10,0.066
수성구 지산2동,2017,165,14,15,0.085
수성구 지산2동,2018,166,16,11,0.096
수성구 지산2동,2019,161,11,13,0.068
수성구 지산2동,2020,163,11,5,0.067
수성구 지산2동,2021,157,20,8,0.127
수성구 지산2동,2022,145,9,6,0.062
수성구 지산2동,2023,142,14,23,0.099
수성구 지산2동,2024,151,15,13,0.099
수성구 지산2동,2025,149,10,8,0.067
수성구 파동,2016,80,4,11,0.05
수성구 파동,2017,87,15,13,0.172
수성구 파동,2018,85,6,11,0.071
수성구 파동,2019,90,14,9,0.156
수성구 파동,2020,85,13,5,0.153
수성구 파동,2021,77,6,11,0.078
수성구 파동,2022,82,2,8,0.024
수성구 파동,2023,88,9,8,0.102
수성구 파동,2024,87,12,11,0.138
수성구 파동,2025,86,2,3,0.023
수성구 황금1동,2016,76,6,6,0.079
수성구 황금1동,2017,76,12,11,0.158
수성구 황금1동,2018,75,13,9,0.173
수성구 황금1동,2019,71,4,7,0.056
수성구 황금1동,2020,74,10,5,0.135
수성구 황금1동,2021,69,4,8,0.058
수성구 황금1동,2022,73,6,9,0.082
수성구 황금1동,2023,76,9,9,0.118
수성구 황금1동,2024,76,3,4,0.039
수성구 황금1동,2025,77,6,2,0.078
수성구 황금2동,2016,200,19,24,0.095
수성구 황금2동,2017,205,13,26,0.063
수성구 황금2동,2018,218,29,17,0.133
수성구 황금2동,2019,206,15,24,0.073
수성구 황금2동,2020,215,23,25,0.107
수성구 황금2동,2021,217,20,20,0.092
수성구 황금2동,2022,217,13,25,0.06
수성구 황금2동,2023,229,26,30,0.114
수성구 황금2동,2024,233,26,23,0.112
수성구 황금2동,2025,230,13,10,0.057
중구 남산1동,2016,116,7,9,0.06
중구 남산1동,2017,118,7,18,0.059
중구 남산1동,2018,129,16,16,0.124
중구 남산1동,2019,129,9,13,0.07
중구 남산1동,2020,133,12,11,0.09
중구 남산1동,2021,132,13,14,0.098
중구 남산1동,2022,133,7,9,0.053
중구 남산1동,2023,135,13,15,0.096
중구 남산1동,2024,137,19,16,0.139
중구 남산1동,2025,134,6,9,0.045
중구 남산2동,2016,69,5,8,0.072
중구 남산2동,2017,72,3,6,0.042
중구 남산2동,2018,75,4,9,0.053
중구 남산2동,2019,80,5,10,0.062
중구 남산2동,2020,85,3,6,0.035
중구 남산2동,2021,88,6,10,0.068
중구 남산2동,2022,92,9,9,0.098
중구 남산2동,2023,92,10,9,0.109
중구 남산2동,2024,91,7,6,0.077
중구 남산2동,2025,90,4,1,0.044
중구 남산3동,2016,32,2,8,0.062
중구 남산3동,2017,38,5,5,0.132
중구 남산3동,2018,38,4,5,0.105
중구 남산3동,2019,39,5,10,0.128
중구 남산3동,2020,44,6,6,0.136
중구 남산3동,2021,44,7,8,0.159
중구 남산3동,2022,45,3,4,0.067
중구 남산3동,2023,46,4,3,0.087
중구 남산3동,2024,45,10,6,0.222
중구 남산3동,2025,41,0,2,0.0
중구 남산4동,2016,84,6,2,0.071
중구 남산4동,2017,80,10,7,0.125
중구 남산4동,2018,77,14,10,0.182
중구 남산4동,2019,73,12,4,0.164
중구 남산4동,2020,65,7,6,0.108
중구 남산4동,2021,64,2,9,0.031
중구 남산4동,2022,71,12,6,0.169
중구 남산4동,2023,65,9,11,0.138
중구 남산4동,2024,67,5,8,0.075
중구 남산4동,2025,70,7,3,0.1
중구 대봉1동,2016,200,24,40,0.12
중구 대봉1동,2017,216,12,35,0.056
중구 대봉1동,2018,239,29,21,0.121
중구 대봉1동,2019,231,30,23,0.13
중구 대봉1동,2020,224,36,19,0.161
중구 대봉1동,2021,207,15,20,0.072
중구 대봉1동,2022,212,26,39,0.123
중구 대봉1동,2023,225,29,29,0.129
중구 대봉1동,2024,225,32,22,0.142
중구 대봉1동,2025,215,7,10,0.033
중구 대봉2동,2016,56,7,7,0.125
중구 대봉2동,2017,56,2,5,0.036
중구 대봉2동,2018,59,3,1,0.051
중구 대봉2동,2019,57,5,9,0.088
중구 대봉2동,2020,61,5,7,0.082
중구 대봉2동,2021,63,5,7,0.079
중구 대봉2동,2022,65,11,11,0.169
중구 대봉2동,2023,65,6,9,0.092
중구 대봉2동,2024,68,6,7,0.088
중구 대봉2동,2025,69,4,4,0.058
중구 대신동,2016,105,8,20,0.076
중구 대신동,2017,117,7,14,0.06
중구 대신동,2018,124,11,10,0.089
중구 대신동,2019,123,6,10,0.049
중구 대신동,2020,127,10,14,0.079
중구 대신동,2021,131,9,12,0.069
중구 대신동,2022,134,9,14,0.067
중구 대신동,2023,139,14,7,0.101
중구 대신동,2024,132,8,10,0.061
중구 대신동,2025,134,4,7,0.03
중구 동인동,2016,236,17,31,0.072
중구 동인동,2017,250,9,29,0.036
중구 동인동,2018,270,21,43,0.078
중구 동인동,2019,292,29,31,0.099
중구 동인동,2020,294,40,34,0.136
중구 동인동,2021,288,16,30,0.056
중구 동인동,2022,302,26,34,0.086
중구 동인동,2023,310,40,24,0.129
중구 동인동,2024,294,38,29,0.129
중구 동인동,2025,285,12,14,0.042
중구 삼덕동,2016,487,49,62,0.101
중구 삼덕동,2017,500,34,68,0.068
중구 삼덕동,2018,534,37,57,0.069
중구 삼덕동,2019,554,52,63,0.094
중구 삼덕동,2020,565,50,50,0.088
중구 삼덕동,2021,565,35,49,0.062
중구 삼덕동,2022,579,50,44,0.086
중구 삼덕동,2023,573,52,49,0.091
중구 삼덕동,2024,570,73,51,0.128
중구 삼덕동,2025,548,25,22,0.046
중구 성내1동,2016,458,37,54,0.081
중구 성내1동,2017,475,41,75,0.086
중구 성내1동,2018,509,45,61,0.088
중구 성내1동,2019,525,45,77,0.086
중구 성내1동,2020,557,64,64,0.115
중구 성내1동,2021,557,51,74,0.092
중구 성내1동,2022,580,46,89,0.079
중구 성내1동,2023,623,62,98,0.1
중구 성내1동,2024,659,75,115,0.114
중구 성내1동,2025,699,42,50,0.06
중구 성내2동,2016,484,35,52,0.072
중구 성내2동,2017,501,34,76,0.068
중구 성내2동,2018,543,36,62,0.066
중구 성내2동,2019,569,49,41,0.086
중구 성내2동,2020,561,61,66,0.109
중구 성내2동,2021,566,42,44,0.074
중구 성내2동,2022,568,66,83,0.116
중구 성내2동,2023,585,97,102,0.166
중구 성내2동,2024,590,109,112,0.185
중구 성내2동,2025,593,43,46,0.073
중구 성내3동,2016,77,2,4,0.026
중구 성내3동,2017,79,4,12,0.051
중구 성내3동,2018,87,5,12,0.057
중구 성내3동,2019,94,9,8,0.096
중구 성내3동,2020,93,21,12,0.226
중구 성내3동,2021,84,6,5,0.071
중구 성내3동,2022,83,13,3,0.157
중구 성내3동,2023,73,13,12,0.178
중구 성내3동,2024,72,11,7,0.153
중구 성내3동,2025,68,5,2,0.074
