quarter,emp_yoy,prod_yoy,firms_yoy,excess,cluster
2018Q2,,,,-0.004382606764088919,성서산단
2018Q3,,,,-0.0050666387077200874,성서산단
2018Q4,,,,-0.0059562565508683015,성서산단
2019Q1,,,,-0.004678387677001759,성서산단
2019Q2,-0.02271199560018744,-0.47364819561989735,0.03229713362939046,-0.005494162724062759,성서산단
2019Q3,-0.01604387508697258,-0.004894353085490577,0.0259688373951259,-0.005903607848532771,성서산단
2019Q4,-0.035627796248409505,-0.026818193262193923,0.015109343936381636,-0.005248918727595743,성서산단
2020Q1,-0.04875833453749767,-0.056150793482941275,0.009912767644726372,-0.007176855423411253,성서산단
2020Q2,-0.060882070949185074,-0.1303378489102529,0.005475166210402893,-0.007361920807775103,성서산단
2020Q3,-0.06449398943471574,-0.07636793359956506,0.012071651090342694,-0.005725454184474744,성서산단
2020Q4,-0.04713768886997238,-0.05579349117199517,0.017234625930278025,-0.006004412140992834,성서산단
2021Q1,-0.03808511100019529,0.04248092142432247,0.03140950137416576,-0.0043078247861499525,성서산단
2021Q2,-0.016734358701200658,0.13497568134474758,0.03033838973162184,-0.002679110102913484,성서산단
2021Q3,-0.01936373135323799,0.06629843012219228,0.0280877260484802,-0.0029041816801539657,성서산단
2021Q4,-0.020167504187604712,0.06655769784308307,0.028109356950327236,-0.003150804967434596,성서산단
2022Q1,-0.013107431304426265,0.04443312719637893,0.022839741149600412,-0.0029019494822937297,성서산단
2022Q2,-0.021759248809335663,0.059347232736980615,0.018120045300113352,-0.004035485575678309,성서산단
2022Q3,-0.01664021763772383,0.07421581400189092,0.013098802395209663,-0.003958153547395728,성서산단
2022Q4,-0.008775528811086786,0.09592846275132905,0.014981273408239737,-0.0069554322312759135,성서산단
2023Q1,-0.008320950965824636,0.04869488146573908,0.007443245254931119,-0.008808580532639311,성서산단
2023Q2,-0.007729758416207155,0.01753060705816223,0.008157211716722346,-0.007645504040248131,성서산단
2023Q3,-0.0021670970121726585,0.024269765909376906,0.004802364240857004,-0.008713665746672736,성서산단
2023Q4,-0.012486490215466661,-0.03829353596986662,-0.0014760147601475815,-0.006848267079514035,성서산단
2024Q1,0.0025817754316406205,-0.03441107300189128,-0.008496490579977811,-0.002732369780359991,성서산단
2024Q2,-0.017789042879732153,0.08763536557754703,0.011033468186833373,-0.0031849736713908663,성서산단
2024Q3,-0.023289127119818898,0.08913360817048988,0.012499999999999956,-0.002034089189408993,성서산단
2024Q4,0.00877887481371098,0.09460766006072596,0.07058388765705836,0.0015551214597659072,성서산단
2025Q1,0.0054031683259374574,0.12800314775165833,0.10879284649776455,-0.000506363337052367,성서산단
2025Q2,0.05198986718435572,-0.016725234726575833,0.11422335394688976,0.0013435360182397025,성서산단
2018Q2,,,,-0.0010453839322336006,제3산단
2018Q3,,,,-0.003774378224706102,제3산단
2018Q4,,,,-0.0030285543021165776,제3산단
2019Q1,,,,-0.004157849369945987,제3산단
2019Q2,-0.004383168632451362,-0.48168249660786977,-0.003987240829346095,-0.0029259524275077405,제3산단
2019Q3,-0.009728867623604476,0.35624999999999996,0.0012004801920768582,-0.0027208059417425145,제3산단
2019Q4,-0.006719462443004587,-0.15000000000000002,-0.001599360255897686,-0.003324900359699294,제3산단
2020Q1,-0.007284079084287187,-0.18829670329670334,-0.0012009607686148671,-0.002326789888971986,제3산단
2020Q2,-0.007524213559593318,-0.2613612565445026,-0.0020016012810247785,-0.001996796991514401,제3산단
2020Q3,-0.0034627154131100513,-0.33926267281105993,-0.003197442046362964,-0.0006950918440010558,제3산단
2020Q4,-0.000966417008939402,0.10620915032679745,-0.00040048057669206383,-0.00109457426986387,제3산단
2021Q1,0.0010482180293500676,0.22554660529344073,-0.00040080160320643543,-0.0012238908126021852,제3산단
2021Q2,0.00024195499637058582,0.3189679614403176,0.00040112314480555966,-0.0019279759966169732,제3산단
2021Q3,0.002666666666666595,0.30659785186218436,0.001202886928628688,-0.0014441038870210807,제3산단
2021Q4,-0.0016928657799274438,0.0976661742983751,-0.006009615384615419,0.0002838543472268476,제3산단
2022Q1,-0.0010471204188481353,-0.007566970450151866,-0.0036086607858861752,0.00014636170117302482,제3산단
2022Q2,-0.004757297210127409,0.1628546861564919,0.001603849238171584,-0.00042979151127432984,제3산단
2022Q3,-0.00523855577047061,0.3857158108252374,0.0004004805766919528,-3.787435975642324e-05,제3산단
2022Q4,-0.3494024547803618,2.1585746581978684,-0.016525594518339348,0.005423534156960867,제3산단
2023Q1,-0.3503467182712465,0.6855020035618877,-0.01810865191146882,0.009046076925682496,제3산단
2023Q2,-0.34724135137324796,0.3870018115942029,-0.023218574859887875,0.014901412930258847,제3산단
2023Q3,-0.32131572551243615,0.36075885978428346,0.0012009607686149781,0.015126730555967506,제3산단
2023Q4,0.06180960655330758,-0.4568115201090661,0.04672131147540992,0.010682579015055272,제3산단
2024Q1,0.06180960655330758,0.01486209390096116,0.04672131147540992,0.005100287372801451,제3산단
2024Q2,0.10152662281246116,0.04175926697209498,0.04508196721311486,0.003209153716248333,제3산단
2024Q3,0.06828220126536944,0.10749236382988969,0.024790083966413468,0.0008744658211001784,제3산단
2024Q4,0.04605493863237875,0.20439037092579282,0.0035238841033673474,-0.002888345895636683,제3산단
2025Q1,0.04605493863237875,0.3709037195137823,0.0035238841033673474,-0.0006620349436274016,제3산단
2025Q2,-0.03707042253521131,0.18538786789399286,-0.026666666666666616,-0.003740116315520142,제3산단
2018Q2,,,,-0.0026485239333632494,서대구산단
2018Q3,,,,-0.002490620822149499,서대구산단
2018Q4,,,,-0.0032091485076533714,서대구산단
2019Q1,,,,-0.0026593088955440968,서대구산단
2019Q2,-0.010695551468083653,-0.4475614228089475,0.052497883149873026,-0.0020397499137196854,서대구산단
2019Q3,0.008141962421711835,0.05811103100216286,0.010137875101378757,-0.0011264650253058105,서대구산단
2019Q4,-0.006583910568548124,-0.07595555555555555,-0.002405773857257376,-0.000566672255445373,서대구산단
2020Q1,-0.008056741495661712,-0.5263726635514019,-0.05349959774738533,0.0035368335193869246,서대구산단
2020Q2,-0.013152458339071749,-0.5031729173581148,-0.05349959774738533,0.008714435199486507,서대구산단
2020Q3,0.002484986539656342,-0.47113654946852,-0.10879164993978319,0.009383250763975101,서대구산단
2020Q4,0.0008974801518812914,-0.34048386321004276,-0.11093247588424437,0.009372124604123431,서대구산단
2021Q1,0.021867407150295115,0.03624591478078565,-0.0603484912877178,0.005299539795840889,서대구산단
2021Q2,-0.02707417486567576,0.11124026347081384,-0.028049298767530817,-0.0010094240970305339,서대구산단
2021Q3,-0.04372374853680372,0.09128272521129666,0.02837837837837842,-0.0025270341584284145,서대구산단
2021Q4,-0.04614429576493306,-0.08305377285103077,0.026672694394213492,-0.0046313398058586515,서대구산단
2022Q1,-0.047078804347826075,-0.048307626392459335,0.027137042062415295,-0.006685055733967147,서대구산단
2022Q2,-0.04209997848382696,-0.14433770574585503,0.09094884127678182,-0.0063892669336969785,서대구산단
2022Q3,0.1847638248847927,-0.058948536617041136,0.12571178274200623,-0.00729300934074344,서대구산단
2022Q4,0.21454913587388824,-0.059624332241943856,0.13606340819022456,-0.008417982762918124,서대구산단
2023Q1,0.2120909674199758,0.02022134683924226,0.16732716864817254,-0.008435296718869195,서대구산단
2023Q2,0.28870919436957165,0.16921931205035978,0.06813627254509025,-0.009158945647211548,서대구산단
2023Q3,0.058101373526194156,-0.07253977016108792,0.036575875486381415,-0.00867212716823825,서대구산단
2023Q4,0.03357942367230282,0.1358593761012672,-0.003875968992248069,-0.00274161720556888,서대구산단
2024Q1,0.01035172332666745,-0.15057243019293476,-0.02451904941531502,-0.0007419070763832547,서대구산단
2024Q2,-0.004647920055775079,-0.10891588852435374,-0.014634146341463428,0.0011252653950263349,서대구산단
2024Q3,-0.024066628374497467,-0.13742120498877253,-0.04842342342342343,0.0007135429508185794,서대구산단
2024Q4,-0.025288018433179738,-0.058290621625981975,-0.015953307392996163,-0.0017182084135575456,서대구산단
2025Q1,-0.016823844452206305,9.621533088978037,-0.023975251353441585,-0.0032438770482081476,서대구산단
2025Q2,-0.01529301891197754,7.437773102443762,-0.0422696115765423,-0.004511539713098184,서대구산단
2018Q2,,,,-0.002771646888894779,염색산단
2018Q3,,,,-0.0036978462796465237,염색산단
2018Q4,,,,-0.002914853710399057,염색산단
2019Q1,,,,-0.0029453866814451485,염색산단
2019Q2,-0.08092905098893122,-0.47913558583976856,-0.008196721311475419,-0.0022593524803616698,염색산단
2019Q3,-0.06553398058252424,-0.19328285452411953,-0.016260162601625994,-0.0018302006423123627,염색산단
2019Q4,-0.08617856490779618,-0.2227538222376504,-0.016260162601625994,-0.0012490902267935132,염색산단
2020Q1,-0.020899053627760233,-0.03375414284641709,0.0,0.0022149478288783124,염색산단
2020Q2,-0.06673247778874625,-0.342600470942082,0.024793388429751984,0.005791795321019097,염색산단
2020Q3,-0.06233766233766236,0.010478706082425626,0.024793388429751984,0.007763761891889843,염색산단
2020Q4,-0.06333666333666332,0.0303765842039172,0.016528925619834656,0.007999687516791497,염색산단
2021Q1,-0.06745871929117997,-0.11994649557089887,0.016260162601626105,0.004165454927564135,염색산단
2021Q2,-0.02030886397292153,0.28973903620985464,0.008064516129032251,0.0008475804302606653,염색산단
2021Q3,-0.013211165565736205,0.1327551510029863,0.008064516129032251,-0.00043608983078594456,염색산단
2021Q4,-0.012158703071672328,0.16295300495643494,0.016260162601626105,-0.0024492064706527713,염색산단
2022Q1,0.0,0.17477816108626953,0.0,-0.002578922877844261,염색산단
2022Q2,0.0,0.1206329202548484,0.0,-0.0028525760012554045,염색산단
2022Q3,0.0,0.13136498703926147,0.0,-0.0032653763729910347,염색산단
2022Q4,0.0,0.02036439849400673,0.0,-0.0012249772725810965,염색산단
2023Q1,-0.012308356726408953,-0.19751548793712492,-0.016000000000000014,-0.0009685746833463845,염색산단
2023Q2,-0.012308356726408953,-0.17894331292432009,-0.016000000000000014,0.00018093728666640496,염색산단
2023Q3,-0.002375296912114022,-0.20053870398104479,-0.016000000000000014,0.00018354448413539486,염색산단
2023Q4,-0.002375296912114022,-0.045882147413669916,-0.016000000000000014,0.00045687377810075744,염색산단
2024Q1,0.010056843025797901,-0.042138852838468854,0.0,-0.0006678976693924215,염색산단
2024Q2,0.010056843025797901,-0.06042409100708934,0.0,0.0006187683980351591,염색산단
2024Q3,0.0,-0.10902266150340412,0.0,-0.001393792582878567,염색산단
2024Q4,0.0,-0.29276480053265275,0.0,-0.0045359536126994065,염색산단
2025Q1,0.0,-0.08903989998812711,0.0,-0.004601672594360842,염색산단
2025Q2,-0.07034632034632038,-0.13744069432352723,0.0,-0.008537211049667754,염색산단
2018Q2,,,,-0.0027576028560908367,검단산단
2018Q3,,,,-0.004110711101542592,검단산단
2018Q4,,,,-0.004499294757485398,검단산단
2019Q1,,,,-0.0037301212573334773,검단산단
2019Q2,-0.008707723372034293,-0.5054077348680734,0.0,-0.0024889347606522278,검단산단
2019Q3,-0.007831249210559554,-0.01196039163328888,-0.005474452554744547,-0.0027862033638405125,검단산단
2019Q4,-0.010064159013712382,-0.013723747083009274,0.0018248175182482562,-0.00394123002363998,검단산단
2020Q1,-0.006726741972331474,-0.021078458707410874,0.003656307129798808,-0.005553513157662824,검단산단
2020Q2,-0.01413112667091021,-0.022935521951767956,0.020220588235294157,-0.007260270730021747,검단산단
2020Q3,-0.008274984086569015,0.007488317099262343,0.025688073394495303,-0.006894380069125803,검단산단
2020Q4,-0.01080188079806832,0.03030815165342804,0.016393442622950838,-0.007945733291641607,검단산단
2021Q1,-0.0023000255558395244,0.0605525491313017,0.01821493624772308,-0.0068895479498420715,검단산단
2021Q2,0.011363636363636465,0.08294689603590122,0.0108108108108107,-0.004520893221404473,검단산단
2021Q3,0.007060333761232274,0.06052308036213261,0.007155635062611854,-0.001243670261043786,검단산단
2021Q4,0.009506680369989695,0.04124883809940405,0.014336917562723928,-0.0006256253814020101,검단산단
2022Q1,0.009861680327868827,0.05353421420131066,0.019677996422182487,-0.0006874859866353232,검단산단
2022Q2,0.004979570990806925,0.06812518926615208,0.01426024955436711,-0.0008897546547495887,검단산단
2022Q3,0.0019120458891013214,0.04460662907730417,0.014209591474245054,-0.0034600070503051274,검단산단
2022Q4,0.0030542122677525985,0.04725521703057223,0.012367491166077826,0.005602529733680908,검단산단
2023Q1,-0.005199746353836354,0.0004843306295787553,-0.0017543859649122862,0.01066086463966512,검단산단
2023Q2,-0.0019057298945496237,-0.004396916190002487,0.0017574692442883233,0.014917151390605395,검단산단
2023Q3,-0.0005089058524172518,-0.0064166267309001546,0.0,0.017572298473998497,검단산단
2023Q4,-0.0032986551636640105,-0.024238716762020274,0.0,0.011542307330469482,검단산단
2024Q1,0.002932177460479357,-0.01828864361349758,0.008787346221441172,0.006030525555801136,검단산단
2024Q2,0.001782077393075454,-0.025988429603429175,0.012280701754386003,0.0021482335200479485,검단산단
2024Q3,0.0028004073319756184,-0.023552646943842293,0.015761821366024442,0.00010277096748228815,검단산단
2024Q4,0.0031822810590631523,-0.026516066372386238,0.013961605584642323,-0.001810684655548395,검단산단
2025Q1,0.0006355662895640712,-0.04126590294467258,0.012195121951219523,0.002552762838063511,검단산단
2025Q2,0.0008894536213468474,-0.039371371124925614,0.008665511265164572,0.0016053578008200621,검단산단
2018Q2,,,,-0.004854000854777,달성1차
2018Q3,,,,-0.0007812288500002773,달성1차
2018Q4,,,,-0.0026668637868379795,달성1차
2019Q1,,,,-0.003173248979904379,달성1차
2019Q2,-0.015417685864650532,-0.47602904051320183,-0.047222222222222276,0.000153295099247705,달성1차
2019Q3,0.11190317071359623,0.08855888231569087,-0.011173184357541888,-0.005238015262569999,달성1차
2019Q4,0.13011684885035812,0.12194845836578128,0.04956268221574334,-0.003009942735240491,달성1차
2020Q1,0.035910562372957866,0.07323235815880325,-0.008746355685131157,-0.00631728994419564,달성1차
2020Q2,0.0237898065196116,-0.269301873107213,-0.017492711370262426,-0.009460617341673045,달성1차
2020Q3,-0.11025778015226395,-0.2694068258899983,-0.07627118644067798,-0.007338701875219782,달성1차
2020Q4,-0.1046627976786072,-0.21155708715438604,-0.10555555555555551,0.0007762560350040816,달성1차
2021Q1,-0.031613372093023284,-0.19047247614015506,0.0117647058823529,0.0021342537367436422,달성1차
2021Q2,-0.025001838370468432,0.26021098467670156,0.011869436201780381,0.005616843919897694,달성1차
2021Q3,-0.024994370637243857,0.3833304477052042,-0.024464831804281384,0.010165587501805465,달성1차
2021Q4,-0.02898226791834302,0.2515145241068546,-0.0031055900621117516,0.005258759272800271,달성1차
2022Q1,-0.027692307692307683,0.24330508630787295,-0.061046511627906974,0.007038687779466507,달성1차
2022Q2,-0.01674334414360057,0.16713491639819766,-0.061583577712609916,0.008783800853307051,달성1차
2022Q3,0.0052347959969207825,0.02490945453692084,-0.0031347962382445305,0.0029670037280430514,달성1차
2022Q4,0.009207396608608809,0.041979544635954325,-0.012461059190031154,-0.003580083217683336,달성1차
2023Q1,0.011963569002778618,0.08355375370558926,-0.015479876160990669,-0.005598263047679345,달성1차
2023Q2,0.006826723939556745,0.025743918251992737,-0.009375000000000022,-0.010149801134622535,달성1차
2023Q3,0.0042885587379384305,0.005542382626659403,-0.0062893081761006275,-0.01023493914228949,달성1차
2023Q4,0.015053599939177431,-0.00824417613245687,-0.01577287066246058,-0.009718052656086943,달성1차
2024Q1,0.01639844405461055,-0.01937442354684049,-0.022012578616352196,-0.011784481976925963,달성1차
2024Q2,0.003504494895627097,0.00477521800925107,-0.02208201892744477,-0.013446238440380938,달성1차
2024Q3,0.002897666615830463,-0.009215275256457822,-0.025316455696202556,-0.015192053971045116,달성1차
2024Q4,-0.01490525054303049,0.0065410022771865695,-0.012820512820512775,-0.017923882798900368,달성1차
2025Q1,-0.024238331082095166,0.02927494116027929,-0.06430868167202575,-0.014679819136098397,달성1차
2025Q2,-0.013133920437291224,0.018970371363453475,-0.06129032258064515,-0.012559559686872713,달성1차
2018Q2,,,,0.0018651215707132167,달성2차·국가산단
2018Q3,,,,0.006113602196835679,달성2차·국가산단
2018Q4,,,,0.006428139325355402,달성2차·국가산단
2019Q1,,,,-0.00010250393055819939,달성2차·국가산단
2019Q2,-0.03067075610081349,-0.4697938824910145,0.13651877133105805,0.0031196669688303143,달성2차·국가산단
2019Q3,0.06290550070521861,0.27052389420238954,0.11842105263157898,0.0002722653987702688,달성2차·국가산단
2019Q4,0.05998608211551848,0.33684816982643184,0.09584664536741205,0.0018551808308022335,달성2차·국가산단
2020Q1,0.08362033337925334,0.3411909131918498,0.07668711656441718,0.004259645224463284,달성2차·국가산단
2020Q2,0.04567340762140604,0.004439148900847956,0.05705705705705699,0.004020468128582004,달성2차·국가산단
2020Q3,-0.02906050955414008,-0.1606783595936906,0.04117647058823537,0.00458571163292055,달성2차·국가산단
2020Q4,0.027704831932773066,-0.19242308357150806,0.06997084548104948,0.010441564168321218,달성2차·국가산단
2021Q1,-0.005720823798627039,-0.02993346265089014,0.05982905982905984,0.005424858586402864,달성2차·국가산단
2021Q2,0.15090119721089335,0.5793544077365016,0.07102272727272729,0.0050684948490812565,달성2차·국가산단
2021Q3,0.19229192291922925,0.47660845437661337,0.07909604519774005,0.009045522546055219,달성2차·국가산단
2021Q4,0.10310463779225754,0.4625652769266406,0.08174386920980936,0.003013961308034834,달성2차·국가산단
2022Q1,-0.4881728679197034,-0.13076792775433932,-0.6370967741935484,0.0028041578438565964,달성2차·국가산단
2022Q2,-0.5289208962048468,-0.07500288879344363,-0.6312997347480106,0.0024590713492498714,달성2차·국가산단
2022Q3,-0.5223521320495186,0.5014977769836348,-0.6335078534031413,-0.006316945469104789,달성2차·국가산단
2022Q4,-0.48888116747741484,0.6313177433598602,-0.6473551637279598,-0.01397608977331302,달성2차·국가산단
2023Q1,0.08068948288783417,1.3700942405188559,0.11111111111111116,-0.01320173407442176,달성2차·국가산단
2023Q2,0.1368599854404271,0.973622773368217,0.1079136690647482,-0.014276664767229497,달성2차·국가산단
2023Q3,0.1101511879049677,0.31513293292452427,0.13571428571428568,-0.010492476486328589,달성2차·국가산단
2023Q4,0.027418989349648815,0.012392052667606457,0.3214285714285714,-0.007431342146953705,달성2차·국가산단
2024Q1,0.07628294036061023,-0.032826743424919536,0.26,-0.0033649890819034615,달성2차·국가산단
2024Q2,0.06531483457844178,-0.4023519604845798,0.3116883116883118,-0.003477640242562422,달성2차·국가산단
2024Q3,0.3847816688283614,-0.47104588939987513,0.2767295597484276,-0.0016680965012957527,달성2차·국가산단
2024Q4,0.42721658579620647,-0.4672522929069952,0.12432432432432439,-0.004385984736852203,달성2차·국가산단
2025Q1,0.30133161512027495,-0.2835927767881694,0.1164021164021165,-0.006340085063651207,달성2차·국가산단
2025Q2,0.2011620917651773,0.5624877157364465,0.06930693069306937,-0.006003526282384309,달성2차·국가산단
